image_path,book_index,title_truth,author_truth,condition,engine,preprocessing,raw_text,mean_confidence,n_lines,elapsed_preprocessing_s,elapsed_ocr_s
C:\Users\34626\OneDrive\Escritorio\Master_Ciencia_de_Datos\TFM\TFM_BookVision\data\test\synthetic\00_frontal.png,0,Cien años de soledad,Gabriel Garcia Marquez,frontal,easyocr,False,Cien años de | soledad | Gabriel Garcia Marquez,0.9065813034661877,3,6.00004568696022e-07,7.9677666000206955
C:\Users\34626\OneDrive\Escritorio\Master_Ciencia_de_Datos\TFM\TFM_BookVision\data\test\synthetic\00_frontal.png,0,Cien años de soledad,Gabriel Garcia Marquez,frontal,paddleocr,False,Cien anos de | soledad | Gabriel Garcia Marquez,0.994140088558197,3,6.00004568696022e-07,5.777399199956562
C:\Users\34626\OneDrive\Escritorio\Master_Ciencia_de_Datos\TFM\TFM_BookVision\data\test\synthetic\00_frontal.png,0,Cien años de soledad,Gabriel Garcia Marquez,frontal,easyocr,True,Cien años de | soledad | Gabriel Garcia Marquez,0.848117637239456,3,0.018691500008571893,5.729518499982078
C:\Users\34626\OneDrive\Escritorio\Master_Ciencia_de_Datos\TFM\TFM_BookVision\data\test\synthetic\00_frontal.png,0,Cien años de soledad,Gabriel Garcia Marquez,frontal,paddleocr,True,Cien anos de | soledad | Gabriel Garcia Marguez,0.9841511050860087,3,0.018691500008571893,0.19193289999384433
C:\Users\34626\OneDrive\Escritorio\Master_Ciencia_de_Datos\TFM\TFM_BookVision\data\test\synthetic\00_rotada.png,0,Cien años de soledad,Gabriel Garcia Marquez,rotada,easyocr,False,de | Cien | Gabriel | Marquez | años | soledad | Garcia,0.9842728021823844,7,4.300032742321491e-06,6.612622599990573
C:\Users\34626\OneDrive\Escritorio\Master_Ciencia_de_Datos\TFM\TFM_BookVision\data\test\synthetic\00_rotada.png,0,Cien años de soledad,Gabriel Garcia Marquez,rotada,paddleocr,False,Cien anos de | soledad | oriel Garcia Marquez,0.9885203838348389,3,4.300032742321491e-06,0.25517219997709617
C:\Users\34626\OneDrive\Escritorio\Master_Ciencia_de_Datos\TFM\TFM_BookVision\data\test\synthetic\00_rotada.png,0,Cien años de soledad,Gabriel Garcia Marquez,rotada,easyocr,True,Cien años de | soledad | Giabriel Garcia Marquez,0.8992556782744172,3,0.027826700010336936,6.539407700009178
C:\Users\34626\OneDrive\Escritorio\Master_Ciencia_de_Datos\TFM\TFM_BookVision\data\test\synthetic\00_rotada.png,0,Cien años de soledad,Gabriel Garcia Marquez,rotada,paddleocr,True,Cien anos de | soledad | Gabriel Garcia Marquez,0.9814833402633667,3,0.027826700010336936,0.25595620000967756
C:\Users\34626\OneDrive\Escritorio\Master_Ciencia_de_Datos\TFM\TFM_BookVision\data\test\synthetic\00_poca_luz.png,0,Cien años de soledad,Gabriel Garcia Marquez,poca_luz,easyocr,False,Cien años de | soledad | Gabriel Garcia Marquez,0.9202060320023285,3,5.199981387704611e-06,7.046765699982643
C:\Users\34626\OneDrive\Escritorio\Master_Ciencia_de_Datos\TFM\TFM_BookVision\data\test\synthetic\00_poca_luz.png,0,Cien años de soledad,Gabriel Garcia Marquez,poca_luz,paddleocr,False,Cien anos de | soledad | Gabriel Garcia Marquez,0.9869023362795512,3,5.199981387704611e-06,0.319972500030417
C:\Users\34626\OneDrive\Escritorio\Master_Ciencia_de_Datos\TFM\TFM_BookVision\data\test\synthetic\00_poca_luz.png,0,Cien años de soledad,Gabriel Garcia Marquez,poca_luz,easyocr,True,Cien años de | soledad | Gabriel Garcia Marquez,0.917950044790177,3,0.020315199973993003,6.626586799975485
C:\Users\34626\OneDrive\Escritorio\Master_Ciencia_de_Datos\TFM\TFM_BookVision\data\test\synthetic\00_poca_luz.png,0,Cien años de soledad,Gabriel Garcia Marquez,poca_luz,paddleocr,True,Cien anos de | soledad | Gabriel Garcia Marguez,0.9639314015706381,3,0.020315199973993003,0.23857849999330938
C:\Users\34626\OneDrive\Escritorio\Master_Ciencia_de_Datos\TFM\TFM_BookVision\data\test\synthetic\00_perspectiva.png,0,Cien años de soledad,Gabriel Garcia Marquez,perspectiva,easyocr,False,Cien años de | soledad | Gabriel Garcia Marquez,0.9365613265383371,3,6.00004568696022e-06,6.834056399995461
C:\Users\34626\OneDrive\Escritorio\Master_Ciencia_de_Datos\TFM\TFM_BookVision\data\test\synthetic\00_perspectiva.png,0,Cien años de soledad,Gabriel Garcia Marquez,perspectiva,paddleocr,False,Cien anos de | soledad | Gabriel Garcia Marquez,0.9937551220258077,3,6.00004568696022e-06,0.20778669998981059
C:\Users\34626\OneDrive\Escritorio\Master_Ciencia_de_Datos\TFM\TFM_BookVision\data\test\synthetic\00_perspectiva.png,0,Cien años de soledad,Gabriel Garcia Marquez,perspectiva,easyocr,True,Cien años de | soledad | Gabriel Garcia Marquez,0.956066993948347,3,0.023288700031116605,6.0286907000117935
C:\Users\34626\OneDrive\Escritorio\Master_Ciencia_de_Datos\TFM\TFM_BookVision\data\test\synthetic\00_perspectiva.png,0,Cien años de soledad,Gabriel Garcia Marquez,perspectiva,paddleocr,True,Cien anos de | soledad | Gabriel Garcia Marquez,0.9762791991233826,3,0.023288700031116605,0.8488346000085585
C:\Users\34626\OneDrive\Escritorio\Master_Ciencia_de_Datos\TFM\TFM_BookVision\data\test\synthetic\00_reflejo.png,0,Cien años de soledad,Gabriel Garcia Marquez,reflejo,easyocr,False,Cien años de | soledad | Gabriel Garcia Marquez,0.973404775760275,3,6.00004568696022e-06,6.857794500014279
C:\Users\34626\OneDrive\Escritorio\Master_Ciencia_de_Datos\TFM\TFM_BookVision\data\test\synthetic\00_reflejo.png,0,Cien años de soledad,Gabriel Garcia Marquez,reflejo,paddleocr,False,Cien anos de | soledad | Gabriel Garcia Marquez,0.9952578544616699,3,6.00004568696022e-06,0.27070910000475124
C:\Users\34626\OneDrive\Escritorio\Master_Ciencia_de_Datos\TFM\TFM_BookVision\data\test\synthetic\00_reflejo.png,0,Cien años de soledad,Gabriel Garcia Marquez,reflejo,easyocr,True,Cien años de | soledad | Gabriel Garcia Marquez,0.8408467593211646,3,0.026285499974619597,6.668467500014231
C:\Users\34626\OneDrive\Escritorio\Master_Ciencia_de_Datos\TFM\TFM_BookVision\data\test\synthetic\00_reflejo.png,0,Cien años de soledad,Gabriel Garcia Marquez,reflejo,paddleocr,True,Cien anos de | soledad | Gabriel Garcia Marguez,0.9631333152453104,3,0.026285499974619597,0.3004118999815546
C:\Users\34626\OneDrive\Escritorio\Master_Ciencia_de_Datos\TFM\TFM_BookVision\data\test\synthetic\01_frontal.png,1,Don Quijote de la Mancha,Miguel de Cervantes,frontal,easyocr,False,Don Quijote de | Ia Mancha | Miguel de Cervantes,0.8538741335630483,3,6.199989002197981e-06,6.284436199988704
C:\Users\34626\OneDrive\Escritorio\Master_Ciencia_de_Datos\TFM\TFM_BookVision\data\test\synthetic\01_frontal.png,1,Don Quijote de la Mancha,Miguel de Cervantes,frontal,paddleocr,False,Don Quijote de | la Mancha | Miguel de Cervantes,0.9720931053161621,3,6.199989002197981e-06,0.2769787999568507
C:\Users\34626\OneDrive\Escritorio\Master_Ciencia_de_Datos\TFM\TFM_BookVision\data\test\synthetic\01_frontal.png,1,Don Quijote de la Mancha,Miguel de Cervantes,frontal,easyocr,True,Don Quijote de | la Mancha | Miguel de Cervantes,0.8247153564622773,3,0.02263289998518303,6.818310000002384
C:\Users\34626\OneDrive\Escritorio\Master_Ciencia_de_Datos\TFM\TFM_BookVision\data\test\synthetic\01_frontal.png,1,Don Quijote de la Mancha,Miguel de Cervantes,frontal,paddleocr,True,Don Quijote de | la Mancha | Miguel de Cervantes,0.9799903631210327,3,0.02263289998518303,0.25080249999882653
C:\Users\34626\OneDrive\Escritorio\Master_Ciencia_de_Datos\TFM\TFM_BookVision\data\test\synthetic\01_rotada.png,1,Don Quijote de la Mancha,Miguel de Cervantes,rotada,easyocr,False,Don Quijote de | la Mancha | Miguel de Cervantes,0.8472841650907337,3,7.700000423938036e-06,6.320212599996012
C:\Users\34626\OneDrive\Escritorio\Master_Ciencia_de_Datos\TFM\TFM_BookVision\data\test\synthetic\01_rotada.png,1,Don Quijote de la Mancha,Miguel de Cervantes,rotada,paddleocr,False,Don Quijote de | la Mancha | Miguel de Cervantes,0.9672891100247701,3,7.700000423938036e-06,0.28051879996201023
C:\Users\34626\OneDrive\Escritorio\Master_Ciencia_de_Datos\TFM\TFM_BookVision\data\test\synthetic\01_rotada.png,1,Don Quijote de la Mancha,Miguel de Cervantes,rotada,easyocr,True,Don Quijote de | la Mancha | Miguel de Cervantes,0.9223007547908773,3,0.027897399966605008,6.59912940004142
C:\Users\34626\OneDrive\Escritorio\Master_Ciencia_de_Datos\TFM\TFM_BookVision\data\test\synthetic\01_rotada.png,1,Don Quijote de la Mancha,Miguel de Cervantes,rotada,paddleocr,True,Don Quijote de | la Mancha | Miguel de Cervantes,0.9626049598058065,3,0.027897399966605008,0.19985869998345152
C:\Users\34626\OneDrive\Escritorio\Master_Ciencia_de_Datos\TFM\TFM_BookVision\data\test\synthetic\01_poca_luz.png,1,Don Quijote de la Mancha,Miguel de Cervantes,poca_luz,easyocr,False,Don Quijote de | la Mancha | Miguel de Cervantes,0.9788159403548441,3,1.379998866468668e-05,6.828057600010652
C:\Users\34626\OneDrive\Escritorio\Master_Ciencia_de_Datos\TFM\TFM_BookVision\data\test\synthetic\01_poca_luz.png,1,Don Quijote de la Mancha,Miguel de Cervantes,poca_luz,paddleocr,False,Don Quijote de | la Mancha | Miguel de Cervantes,0.9734326601028442,3,1.379998866468668e-05,0.16715229995315894
C:\Users\34626\OneDrive\Escritorio\Master_Ciencia_de_Datos\TFM\TFM_BookVision\data\test\synthetic\01_poca_luz.png,1,Don Quijote de la Mancha,Miguel de Cervantes,poca_luz,easyocr,True,Don Quijote de | la Mancha | Miguel de Cervantes,0.8421301737476187,3,0.020449900010135025,6.610956899996381
C:\Users\34626\OneDrive\Escritorio\Master_Ciencia_de_Datos\TFM\TFM_BookVision\data\test\synthetic\01_poca_luz.png,1,Don Quijote de la Mancha,Miguel de Cervantes,poca_luz,paddleocr,True,Don Quijote de | la Mancha | Miguel de Cervantes,0.9548743367195129,3,0.020449900010135025,0.3350559999817051
C:\Users\34626\OneDrive\Escritorio\Master_Ciencia_de_Datos\TFM\TFM_BookVision\data\test\synthetic\01_perspectiva.png,1,Don Quijote de la Mancha,Miguel de Cervantes,perspectiva,easyocr,False,Don Quijote de | la Mancha | Miguel de Cervantes,0.8887564044697855,3,9.400013368576765e-06,6.391859999974258
C:\Users\34626\OneDrive\Escritorio\Master_Ciencia_de_Datos\TFM\TFM_BookVision\data\test\synthetic\01_perspectiva.png,1,Don Quijote de la Mancha,Miguel de Cervantes,perspectiva,paddleocr,False,Don Quijote de | la Mancha | Miguel de Cervantes,0.9912132024765015,3,9.400013368576765e-06,0.20536349999019876
C:\Users\34626\OneDrive\Escritorio\Master_Ciencia_de_Datos\TFM\TFM_BookVision\data\test\synthetic\01_perspectiva.png,1,Don Quijote de la Mancha,Miguel de Cervantes,perspectiva,easyocr,True,Don Quijote de | la Mancha | Miguel de Cervantes,0.8566831176138905,3,0.023630999960005283,6.210963700024877
C:\Users\34626\OneDrive\Escritorio\Master_Ciencia_de_Datos\TFM\TFM_BookVision\data\test\synthetic\01_perspectiva.png,1,Don Quijote de la Mancha,Miguel de Cervantes,perspectiva,paddleocr,True,Don Quijote de | la Mancha | Miguel de Cervantes,0.9583325386047363,3,0.023630999960005283,0.7639469000278041
C:\Users\34626\OneDrive\Escritorio\Master_Ciencia_de_Datos\TFM\TFM_BookVision\data\test\synthetic\01_reflejo.png,1,Don Quijote de la Mancha,Miguel de Cervantes,reflejo,easyocr,False,Don Quijote de | la Mancha | Miguel de Cervantes,0.787964395237471,3,7.800001185387373e-06,6.274493599950802
C:\Users\34626\OneDrive\Escritorio\Master_Ciencia_de_Datos\TFM\TFM_BookVision\data\test\synthetic\01_reflejo.png,1,Don Quijote de la Mancha,Miguel de Cervantes,reflejo,paddleocr,False,Don Quijote de | la Mancha | Miguel de Cervantes,0.9912022550900778,3,7.800001185387373e-06,0.172270999988541
C:\Users\34626\OneDrive\Escritorio\Master_Ciencia_de_Datos\TFM\TFM_BookVision\data\test\synthetic\01_reflejo.png,1,Don Quijote de la Mancha,Miguel de Cervantes,reflejo,easyocr,True,Don Quijote de | la Mancha | Miguel de Cervantes,0.7543418661925226,3,0.01946679997490719,6.4262364999740385
C:\Users\34626\OneDrive\Escritorio\Master_Ciencia_de_Datos\TFM\TFM_BookVision\data\test\synthetic\01_reflejo.png,1,Don Quijote de la Mancha,Miguel de Cervantes,reflejo,paddleocr,True,Don Quijote de | la Mancha | Miguel de Cervantes,0.9750536481539408,3,0.01946679997490719,0.16359660000307485
C:\Users\34626\OneDrive\Escritorio\Master_Ciencia_de_Datos\TFM\TFM_BookVision\data\test\synthetic\02_frontal.png,2,1984,George Orwell,frontal,easyocr,False,1984 | George Orwell,0.9991448887761692,2,4.8499961849302053e-05,6.251339299953543
C:\Users\34626\OneDrive\Escritorio\Master_Ciencia_de_Datos\TFM\TFM_BookVision\data\test\synthetic\02_frontal.png,2,1984,George Orwell,frontal,paddleocr,False,1984 | George Orwell,0.9792830646038055,2,4.8499961849302053e-05,0.2954868000233546
C:\Users\34626\OneDrive\Escritorio\Master_Ciencia_de_Datos\TFM\TFM_BookVision\data\test\synthetic\02_frontal.png,2,1984,George Orwell,frontal,easyocr,True,1984 | George Orwell,0.9891465476018169,2,0.019746000005397946,6.357071000034921
C:\Users\34626\OneDrive\Escritorio\Master_Ciencia_de_Datos\TFM\TFM_BookVision\data\test\synthetic\02_frontal.png,2,1984,George Orwell,frontal,paddleocr,True,1984 | George Orwell,0.9977230429649353,2,0.019746000005397946,0.22184730001026765
C:\Users\34626\OneDrive\Escritorio\Master_Ciencia_de_Datos\TFM\TFM_BookVision\data\test\synthetic\02_rotada.png,2,1984,George Orwell,rotada,easyocr,False,1984 | George | Orwell,0.9997223565203225,3,2.099998528137803e-05,6.0769517999724485
C:\Users\34626\OneDrive\Escritorio\Master_Ciencia_de_Datos\TFM\TFM_BookVision\data\test\synthetic\02_rotada.png,2,1984,George Orwell,rotada,paddleocr,False,1984 | George Orwell,0.9989219009876251,2,2.099998528137803e-05,0.2663841000176035
C:\Users\34626\OneDrive\Escritorio\Master_Ciencia_de_Datos\TFM\TFM_BookVision\data\test\synthetic\02_rotada.png,2,1984,George Orwell,rotada,easyocr,True,1984 | George Orwell,0.9029944832531747,2,0.021515199972782284,6.274665200035088
C:\Users\34626\OneDrive\Escritorio\Master_Ciencia_de_Datos\TFM\TFM_BookVision\data\test\synthetic\02_rotada.png,2,1984,George Orwell,rotada,paddleocr,True,1984 | George Orwell,0.9765674471855164,2,0.021515199972782284,0.13961170002585277
C:\Users\34626\OneDrive\Escritorio\Master_Ciencia_de_Datos\TFM\TFM_BookVision\data\test\synthetic\02_poca_luz.png,2,1984,George Orwell,poca_luz,easyocr,False,1984 | George Orwell,0.9996611389879264,2,1.9900035113096237e-05,6.620527199993376
C:\Users\34626\OneDrive\Escritorio\Master_Ciencia_de_Datos\TFM\TFM_BookVision\data\test\synthetic\02_poca_luz.png,2,1984,George Orwell,poca_luz,paddleocr,False,1984 | George Orwell,0.9886426329612732,2,1.9900035113096237e-05,0.12900190002983436
C:\Users\34626\OneDrive\Escritorio\Master_Ciencia_de_Datos\TFM\TFM_BookVision\data\test\synthetic\02_poca_luz.png,2,1984,George Orwell,poca_luz,easyocr,True,1984 | George Orwell,0.9975799435485131,2,0.01661170000443235,6.446526999992784
C:\Users\34626\OneDrive\Escritorio\Master_Ciencia_de_Datos\TFM\TFM_BookVision\data\test\synthetic\02_poca_luz.png,2,1984,George Orwell,poca_luz,paddleocr,True,1984 | George Orwell,0.9866746068000793,2,0.01661170000443235,0.20978029997786507
C:\Users\34626\OneDrive\Escritorio\Master_Ciencia_de_Datos\TFM\TFM_BookVision\data\test\synthetic\02_perspectiva.png,2,1984,George Orwell,perspectiva,easyocr,False,1984 | Orwell | George,0.9911588969147735,3,2.3200002033263445e-05,6.124398799962364
C:\Users\34626\OneDrive\Escritorio\Master_Ciencia_de_Datos\TFM\TFM_BookVision\data\test\synthetic\02_perspectiva.png,2,1984,George Orwell,perspectiva,paddleocr,False,1984 | George Orwell,0.9891665875911713,2,2.3200002033263445e-05,0.23578859999543056
C:\Users\34626\OneDrive\Escritorio\Master_Ciencia_de_Datos\TFM\TFM_BookVision\data\test\synthetic\02_perspectiva.png,2,1984,George Orwell,perspectiva,easyocr,True,1984 | George Orwell,0.8831585011815803,2,0.020534700015559793,5.986349400016479
C:\Users\34626\OneDrive\Escritorio\Master_Ciencia_de_Datos\TFM\TFM_BookVision\data\test\synthetic\02_perspectiva.png,2,1984,George Orwell,perspectiva,paddleocr,True,1984 | George Orwell,0.9833402335643768,2,0.020534700015559793,0.6608794999774545
C:\Users\34626\OneDrive\Escritorio\Master_Ciencia_de_Datos\TFM\TFM_BookVision\data\test\synthetic\02_reflejo.png,2,1984,George Orwell,reflejo,easyocr,False,1984 | George Orwell,0.9991447099622349,2,2.47000134550035e-05,6.2086718999780715
C:\Users\34626\OneDrive\Escritorio\Master_Ciencia_de_Datos\TFM\TFM_BookVision\data\test\synthetic\02_reflejo.png,2,1984,George Orwell,reflejo,paddleocr,False,1984 | George Orwell,0.9456945955753326,2,2.47000134550035e-05,0.26226909999968484
C:\Users\34626\OneDrive\Escritorio\Master_Ciencia_de_Datos\TFM\TFM_BookVision\data\test\synthetic\02_reflejo.png,2,1984,George Orwell,reflejo,easyocr,True,1984 | George Orwell,0.9891465774041392,2,0.0240835000295192,6.2063415000448
C:\Users\34626\OneDrive\Escritorio\Master_Ciencia_de_Datos\TFM\TFM_BookVision\data\test\synthetic\02_reflejo.png,2,1984,George Orwell,reflejo,paddleocr,True,1984 | George Orwell,0.9964830577373505,2,0.0240835000295192,0.13691030000336468
C:\Users\34626\OneDrive\Escritorio\Master_Ciencia_de_Datos\TFM\TFM_BookVision\data\test\synthetic\03_frontal.png,3,El principito,Antoine de Saint-Exupery,frontal,easyocr,False,El principito | Antoine de | Saint-Exupery,0.9081045488638311,3,2.619996666908264e-05,6.6804273999878205
C:\Users\34626\OneDrive\Escritorio\Master_Ciencia_de_Datos\TFM\TFM_BookVision\data\test\synthetic\03_frontal.png,3,El principito,Antoine de Saint-Exupery,frontal,paddleocr,False,El principito | Antoine de Saint-Exupery,0.9983440339565277,2,2.619996666908264e-05,0.29873180005233735
C:\Users\34626\OneDrive\Escritorio\Master_Ciencia_de_Datos\TFM\TFM_BookVision\data\test\synthetic\03_frontal.png,3,El principito,Antoine de Saint-Exupery,frontal,easyocr,True,El principito | Antoine de Saint-Exupery,0.8775464377142546,2,0.018822599959094077,6.191553800017573
C:\Users\34626\OneDrive\Escritorio\Master_Ciencia_de_Datos\TFM\TFM_BookVision\data\test\synthetic\03_frontal.png,3,El principito,Antoine de Saint-Exupery,frontal,paddleocr,True,El principito | Antoine de Saint-Exupery,0.9868903458118439,2,0.018822599959094077,0.22312179999426007
C:\Users\34626\OneDrive\Escritorio\Master_Ciencia_de_Datos\TFM\TFM_BookVision\data\test\synthetic\03_rotada.png,3,El principito,Antoine de Saint-Exupery,rotada,easyocr,False,El principito | Antoine de Saint-Exupery,0.9930419133691362,2,3.6999990697950125e-05,6.763081699959002
C:\Users\34626\OneDrive\Escritorio\Master_Ciencia_de_Datos\TFM\TFM_BookVision\data\test\synthetic\03_rotada.png,3,El principito,Antoine de Saint-Exupery,rotada,paddleocr,False,El principito | Antoine de Saint-Exupery,0.9974355399608612,2,3.6999990697950125e-05,0.20149629999650642
C:\Users\34626\OneDrive\Escritorio\Master_Ciencia_de_Datos\TFM\TFM_BookVision\data\test\synthetic\03_rotada.png,3,El principito,Antoine de Saint-Exupery,rotada,easyocr,True,El principito | Antoine de Saint-Exupery,0.9836486492235711,2,0.029480399971362203,6.802170999988448
C:\Users\34626\OneDrive\Escritorio\Master_Ciencia_de_Datos\TFM\TFM_BookVision\data\test\synthetic\03_rotada.png,3,El principito,Antoine de Saint-Exupery,rotada,paddleocr,True,El principito | Antoine de Saint-Exupery,0.9743420779705048,2,0.029480399971362203,0.21972180000739172
C:\Users\34626\OneDrive\Escritorio\Master_Ciencia_de_Datos\TFM\TFM_BookVision\data\test\synthetic\03_poca_luz.png,3,El principito,Antoine de Saint-Exupery,poca_luz,easyocr,False,El principito | Antoine de Saint-Exupery,0.9966372612299732,2,3.120000474154949e-05,6.471716500003822
C:\Users\34626\OneDrive\Escritorio\Master_Ciencia_de_Datos\TFM\TFM_BookVision\data\test\synthetic\03_poca_luz.png,3,El principito,Antoine de Saint-Exupery,poca_luz,paddleocr,False,El principito | Antoine de Saint-Exupery,0.9911884963512421,2,3.120000474154949e-05,0.18259159999433905
C:\Users\34626\OneDrive\Escritorio\Master_Ciencia_de_Datos\TFM\TFM_BookVision\data\test\synthetic\03_poca_luz.png,3,El principito,Antoine de Saint-Exupery,poca_luz,easyocr,True,El principito | Antoine de Saint-Exupery,0.8950119252756987,2,0.018523800012189895,6.458365900034551
C:\Users\34626\OneDrive\Escritorio\Master_Ciencia_de_Datos\TFM\TFM_BookVision\data\test\synthetic\03_poca_luz.png,3,El principito,Antoine de Saint-Exupery,poca_luz,paddleocr,True,El principito | Antoine de Saint-Exupery,0.9670954644680023,2,0.018523800012189895,0.2515469000209123
C:\Users\34626\OneDrive\Escritorio\Master_Ciencia_de_Datos\TFM\TFM_BookVision\data\test\synthetic\03_perspectiva.png,3,El principito,Antoine de Saint-Exupery,perspectiva,easyocr,False,El principito | Antoine de | Saint-Exupery,0.9731660243858142,3,4.7900015488266945e-05,6.381149899971206
C:\Users\34626\OneDrive\Escritorio\Master_Ciencia_de_Datos\TFM\TFM_BookVision\data\test\synthetic\03_perspectiva.png,3,El principito,Antoine de Saint-Exupery,perspectiva,paddleocr,False,El principito | Antoine de Saint-Exupery,0.998113602399826,2,4.7900015488266945e-05,0.25731350004207343
C:\Users\34626\OneDrive\Escritorio\Master_Ciencia_de_Datos\TFM\TFM_BookVision\data\test\synthetic\03_perspectiva.png,3,El principito,Antoine de Saint-Exupery,perspectiva,easyocr,True,El principito | Antoine de Saint-Exupery,0.9890818213747807,2,0.018311900028493255,5.6571112999808975
C:\Users\34626\OneDrive\Escritorio\Master_Ciencia_de_Datos\TFM\TFM_BookVision\data\test\synthetic\03_perspectiva.png,3,El principito,Antoine de Saint-Exupery,perspectiva,paddleocr,True,El principito | Antoine de Saint-Exupery,0.9639993906021118,2,0.018311900028493255,0.7401582999737002
C:\Users\34626\OneDrive\Escritorio\Master_Ciencia_de_Datos\TFM\TFM_BookVision\data\test\synthetic\03_reflejo.png,3,El principito,Antoine de Saint-Exupery,reflejo,easyocr,False,El principito | Antoine de | Saint-Exupery,0.8939989599592723,3,5.999987479299307e-06,6.361881799995899
C:\Users\34626\OneDrive\Escritorio\Master_Ciencia_de_Datos\TFM\TFM_BookVision\data\test\synthetic\03_reflejo.png,3,El principito,Antoine de Saint-Exupery,reflejo,paddleocr,False,El principito | Antoine de Saint-Exupery,0.997797042131424,2,5.999987479299307e-06,0.16802040004404262
C:\Users\34626\OneDrive\Escritorio\Master_Ciencia_de_Datos\TFM\TFM_BookVision\data\test\synthetic\03_reflejo.png,3,El principito,Antoine de Saint-Exupery,reflejo,easyocr,True,El principito | Antoine de Saint-Exupery,0.8536612054494639,2,0.021519100002478808,6.298349199991208
C:\Users\34626\OneDrive\Escritorio\Master_Ciencia_de_Datos\TFM\TFM_BookVision\data\test\synthetic\03_reflejo.png,3,El principito,Antoine de Saint-Exupery,reflejo,paddleocr,True,El principito | Antoine de Saint-Exupery,0.9795773923397064,2,0.021519100002478808,0.1491948000038974
C:\Users\34626\OneDrive\Escritorio\Master_Ciencia_de_Datos\TFM\TFM_BookVision\data\test\synthetic\04_frontal.png,4,Rayuela,Julio Cortazar,frontal,easyocr,False,Rayuela | Julio Cortazar,0.9997912690734364,2,4.339998122304678e-05,6.706944099976681
C:\Users\34626\OneDrive\Escritorio\Master_Ciencia_de_Datos\TFM\TFM_BookVision\data\test\synthetic\04_frontal.png,4,Rayuela,Julio Cortazar,frontal,paddleocr,False,Rayuela | Julio Cortazar,0.9984337091445923,2,4.339998122304678e-05,0.29658830002881587
C:\Users\34626\OneDrive\Escritorio\Master_Ciencia_de_Datos\TFM\TFM_BookVision\data\test\synthetic\04_frontal.png,4,Rayuela,Julio Cortazar,frontal,easyocr,True,Rayuela | Julio Cortazar,0.9859743639898366,2,0.020116599975153804,6.270574300026055
C:\Users\34626\OneDrive\Escritorio\Master_Ciencia_de_Datos\TFM\TFM_BookVision\data\test\synthetic\04_frontal.png,4,Rayuela,Julio Cortazar,frontal,paddleocr,True,Rayuela | Julio Cortazar,0.9902700185775757,2,0.020116599975153804,0.1608905000030063
C:\Users\34626\OneDrive\Escritorio\Master_Ciencia_de_Datos\TFM\TFM_BookVision\data\test\synthetic\04_rotada.png,4,Rayuela,Julio Cortazar,rotada,easyocr,False,Rayuela | Cortazar | Julio,0.9999790572103241,3,4.1000021155923605e-05,6.149493300006725
C:\Users\34626\OneDrive\Escritorio\Master_Ciencia_de_Datos\TFM\TFM_BookVision\data\test\synthetic\04_rotada.png,4,Rayuela,Julio Cortazar,rotada,paddleocr,False,Rayuela | Julio Cortazar,0.9947498440742493,2,4.1000021155923605e-05,0.21909089997643605
C:\Users\34626\OneDrive\Escritorio\Master_Ciencia_de_Datos\TFM\TFM_BookVision\data\test\synthetic\04_rotada.png,4,Rayuela,Julio Cortazar,rotada,easyocr,True,Rayuela | Julio Cortazar,0.9629252467621106,2,0.022761000029277056,6.2464028999675065
C:\Users\34626\OneDrive\Escritorio\Master_Ciencia_de_Datos\TFM\TFM_BookVision\data\test\synthetic\04_rotada.png,4,Rayuela,Julio Cortazar,rotada,paddleocr,True,Rayuela | Julio Cortazar,0.9866589605808258,2,0.022761000029277056,0.17246730002807453
C:\Users\34626\OneDrive\Escritorio\Master_Ciencia_de_Datos\TFM\TFM_BookVision\data\test\synthetic\04_poca_luz.png,4,Rayuela,Julio Cortazar,poca_luz,easyocr,False,Rayuela | Julio Cortazar,0.9956805107887229,2,6.549997488036752e-05,6.6377142000128515
C:\Users\34626\OneDrive\Escritorio\Master_Ciencia_de_Datos\TFM\TFM_BookVision\data\test\synthetic\04_poca_luz.png,4,Rayuela,Julio Cortazar,poca_luz,paddleocr,False,Rayuela | Julio Cortazar,0.9827796518802643,2,6.549997488036752e-05,0.29869379999581724
C:\Users\34626\OneDrive\Escritorio\Master_Ciencia_de_Datos\TFM\TFM_BookVision\data\test\synthetic\04_poca_luz.png,4,Rayuela,Julio Cortazar,poca_luz,easyocr,True,Rayuela | Julio Cortazar,0.9994768994887544,2,0.02447439997922629,6.721360499970615
C:\Users\34626\OneDrive\Escritorio\Master_Ciencia_de_Datos\TFM\TFM_BookVision\data\test\synthetic\04_poca_luz.png,4,Rayuela,Julio Cortazar,poca_luz,paddleocr,True,Rayuela | Julio Cortazar,0.9826329052448273,2,0.02447439997922629,0.23712710000108927
C:\Users\34626\OneDrive\Escritorio\Master_Ciencia_de_Datos\TFM\TFM_BookVision\data\test\synthetic\04_perspectiva.png,4,Rayuela,Julio Cortazar,perspectiva,easyocr,False,Rayuela | Julio Cortazar,0.9967695250635791,2,6.699992809444666e-06,6.408779399993364
C:\Users\34626\OneDrive\Escritorio\Master_Ciencia_de_Datos\TFM\TFM_BookVision\data\test\synthetic\04_perspectiva.png,4,Rayuela,Julio Cortazar,perspectiva,paddleocr,False,Rayuela | Julio Cortazar,0.9983825385570526,2,6.699992809444666e-06,0.32741689996328205
C:\Users\34626\OneDrive\Escritorio\Master_Ciencia_de_Datos\TFM\TFM_BookVision\data\test\synthetic\04_perspectiva.png,4,Rayuela,Julio Cortazar,perspectiva,easyocr,True,Rayuela | Julio Cortazar,0.9962646285778971,2,0.025426900014281273,6.091010699979961
C:\Users\34626\OneDrive\Escritorio\Master_Ciencia_de_Datos\TFM\TFM_BookVision\data\test\synthetic\04_perspectiva.png,4,Rayuela,Julio Cortazar,perspectiva,paddleocr,True,Rayuela | Julio Cortazar,0.9821896255016327,2,0.025426900014281273,0.7737871999852359
C:\Users\34626\OneDrive\Escritorio\Master_Ciencia_de_Datos\TFM\TFM_BookVision\data\test\synthetic\04_reflejo.png,4,Rayuela,Julio Cortazar,reflejo,easyocr,False,Rayuela | Julio Cortazar,0.9997876194248823,2,0.00010610005119815469,6.710965399979614
C:\Users\34626\OneDrive\Escritorio\Master_Ciencia_de_Datos\TFM\TFM_BookVision\data\test\synthetic\04_reflejo.png,4,Rayuela,Julio Cortazar,reflejo,paddleocr,False,Rayuela | Julio Cortazar,0.9982461929321289,2,0.00010610005119815469,0.1449360999977216
C:\Users\34626\OneDrive\Escritorio\Master_Ciencia_de_Datos\TFM\TFM_BookVision\data\test\synthetic\04_reflejo.png,4,Rayuela,Julio Cortazar,reflejo,easyocr,True,Rayuela | Julio Cortazar,0.9859818434936519,2,0.018226099957246333,6.844785500026774
C:\Users\34626\OneDrive\Escritorio\Master_Ciencia_de_Datos\TFM\TFM_BookVision\data\test\synthetic\04_reflejo.png,4,Rayuela,Julio Cortazar,reflejo,paddleocr,True,Rayuela | Julio Cortazar,0.9901125133037567,2,0.018226099957246333,0.175214099988807
C:\Users\34626\OneDrive\Escritorio\Master_Ciencia_de_Datos\TFM\TFM_BookVision\data\test\synthetic\05_frontal.png,5,La casa de los espiritus,Isabel Allende,frontal,easyocr,False,La casa de los | espiritus | Isabel Allende,0.9277946222186099,3,5.7800032664090395e-05,7.522211399977095
C:\Users\34626\OneDrive\Escritorio\Master_Ciencia_de_Datos\TFM\TFM_BookVision\data\test\synthetic\05_frontal.png,5,La casa de los espiritus,Isabel Allende,frontal,paddleocr,False,La casa de los | espiritus | Isabel Allende,0.9802067677179972,3,5.7800032664090395e-05,0.3450608999701217
C:\Users\34626\OneDrive\Escritorio\Master_Ciencia_de_Datos\TFM\TFM_BookVision\data\test\synthetic\05_frontal.png,5,La casa de los espiritus,Isabel Allende,frontal,easyocr,True,La casa de los | espiritus | Isabel Allende,0.9105658993365583,3,0.022053099994082004,6.967825300002005
C:\Users\34626\OneDrive\Escritorio\Master_Ciencia_de_Datos\TFM\TFM_BookVision\data\test\synthetic\05_frontal.png,5,La casa de los espiritus,Isabel Allende,frontal,paddleocr,True,La casa de los | espiritus | Isabel Allende,0.9666198293368021,3,0.022053099994082004,0.1503792000003159
C:\Users\34626\OneDrive\Escritorio\Master_Ciencia_de_Datos\TFM\TFM_BookVision\data\test\synthetic\05_rotada.png,5,La casa de los espiritus,Isabel Allende,rotada,easyocr,False,de los | La | Allende | casa | espiritus | Isabel,0.9795950278094315,6,3.450002986937761e-05,6.469496799982153
C:\Users\34626\OneDrive\Escritorio\Master_Ciencia_de_Datos\TFM\TFM_BookVision\data\test\synthetic\05_rotada.png,5,La casa de los espiritus,Isabel Allende,rotada,paddleocr,False,de los | La casa | espiritus | Isabel Allende,0.9866839796304703,4,3.450002986937761e-05,0.36101330001838505
C:\Users\34626\OneDrive\Escritorio\Master_Ciencia_de_Datos\TFM\TFM_BookVision\data\test\synthetic\05_rotada.png,5,La casa de los espiritus,Isabel Allende,rotada,easyocr,True,La casa de los | espiritus | Isabel Allende,0.9227075523739549,3,0.030542800028342754,6.8695563999935985
C:\Users\34626\OneDrive\Escritorio\Master_Ciencia_de_Datos\TFM\TFM_BookVision\data\test\synthetic\05_rotada.png,5,La casa de los espiritus,Isabel Allende,rotada,paddleocr,True,La casa de los | espiritus | IsabelAllende,0.9647162556648254,3,0.030542800028342754,0.19508030003635213
C:\Users\34626\OneDrive\Escritorio\Master_Ciencia_de_Datos\TFM\TFM_BookVision\data\test\synthetic\05_poca_luz.png,5,La casa de los espiritus,Isabel Allende,poca_luz,easyocr,False,La casa de los | espiritus | Isabel Allende,0.9558751968919212,3,6.459996802732348e-05,6.787535700015724
C:\Users\34626\OneDrive\Escritorio\Master_Ciencia_de_Datos\TFM\TFM_BookVision\data\test\synthetic\05_poca_luz.png,5,La casa de los espiritus,Isabel Allende,poca_luz,paddleocr,False,La casa de los | espiritus | Isabel Allende,0.9706453680992126,3,6.459996802732348e-05,0.282978400005959
C:\Users\34626\OneDrive\Escritorio\Master_Ciencia_de_Datos\TFM\TFM_BookVision\data\test\synthetic\05_poca_luz.png,5,La casa de los espiritus,Isabel Allende,poca_luz,easyocr,True,La casa de los | espiritus | Isabel Allende,0.8507851884789511,3,0.019392299989704043,6.276300800032914
C:\Users\34626\OneDrive\Escritorio\Master_Ciencia_de_Datos\TFM\TFM_BookVision\data\test\synthetic\05_poca_luz.png,5,La casa de los espiritus,Isabel Allende,poca_luz,paddleocr,True,La casa de los | espiritus | IsabelAllende,0.9641825159390768,3,0.019392299989704043,0.23455610004020855
C:\Users\34626\OneDrive\Escritorio\Master_Ciencia_de_Datos\TFM\TFM_BookVision\data\test\synthetic\05_perspectiva.png,5,La casa de los espiritus,Isabel Allende,perspectiva,easyocr,False,La casa de los | espiritus | Isabel Allende,0.8903681806039669,3,6.189994746819139e-05,5.450170099968091
C:\Users\34626\OneDrive\Escritorio\Master_Ciencia_de_Datos\TFM\TFM_BookVision\data\test\synthetic\05_perspectiva.png,5,La casa de los espiritus,Isabel Allende,perspectiva,paddleocr,False,La casa de los | espiritus | Isabel Allende,0.9904029965400696,3,6.189994746819139e-05,0.27610730001470074
C:\Users\34626\OneDrive\Escritorio\Master_Ciencia_de_Datos\TFM\TFM_BookVision\data\test\synthetic\05_perspectiva.png,5,La casa de los espiritus,Isabel Allende,perspectiva,easyocr,True,La casa de los | espiritus | Isabel Allende,0.8327845333265996,3,0.021685300045646727,5.276496400008909
C:\Users\34626\OneDrive\Escritorio\Master_Ciencia_de_Datos\TFM\TFM_BookVision\data\test\synthetic\05_perspectiva.png,5,La casa de los espiritus,Isabel Allende,perspectiva,paddleocr,True,La casa de los | espiritus | IsabelAllende,0.9628073771794637,3,0.021685300045646727,0.6518327000085264
C:\Users\34626\OneDrive\Escritorio\Master_Ciencia_de_Datos\TFM\TFM_BookVision\data\test\synthetic\05_reflejo.png,5,La casa de los espiritus,Isabel Allende,reflejo,easyocr,False,La casa de los | espiritus | Isabel Allende,0.8695442927943992,3,6.280001252889633e-05,5.645233099989127
C:\Users\34626\OneDrive\Escritorio\Master_Ciencia_de_Datos\TFM\TFM_BookVision\data\test\synthetic\05_reflejo.png,5,La casa de los espiritus,Isabel Allende,reflejo,paddleocr,False,La casa de los | espiritus | Isabel Allende,0.9935151934623718,3,6.280001252889633e-05,0.3064645999693312
C:\Users\34626\OneDrive\Escritorio\Master_Ciencia_de_Datos\TFM\TFM_BookVision\data\test\synthetic\05_reflejo.png,5,La casa de los espiritus,Isabel Allende,reflejo,easyocr,True,La casa de los | espiritus | Isabel Allende,0.8657552667072838,3,0.024785099958535284,5.7329350000363775
C:\Users\34626\OneDrive\Escritorio\Master_Ciencia_de_Datos\TFM\TFM_BookVision\data\test\synthetic\05_reflejo.png,5,La casa de los espiritus,Isabel Allende,reflejo,paddleocr,True,La casa de los | espiritus | Isabel Allende,0.9629109700520834,3,0.024785099958535284,0.26204890001099557
C:\Users\34626\OneDrive\Escritorio\Master_Ciencia_de_Datos\TFM\TFM_BookVision\data\test\synthetic\06_frontal.png,6,Crimen y castigo,Fiodor Dostoievski,frontal,easyocr,False,Crimen y | castigo | Fiodor Dostoievski,0.8443970533769284,3,4.830001853406429e-05,5.807853400008753
C:\Users\34626\OneDrive\Escritorio\Master_Ciencia_de_Datos\TFM\TFM_BookVision\data\test\synthetic\06_frontal.png,6,Crimen y castigo,Fiodor Dostoievski,frontal,paddleocr,False,Crimen y | castigo | Fiodor Dostoievski,0.9981840054194132,3,4.830001853406429e-05,0.23906990000978112
C:\Users\34626\OneDrive\Escritorio\Master_Ciencia_de_Datos\TFM\TFM_BookVision\data\test\synthetic\06_frontal.png,6,Crimen y castigo,Fiodor Dostoievski,frontal,easyocr,True,Crimen y | castigo | Fiodor Dostoievski,0.9251405033567818,3,0.017867300019133836,5.734215400007088
C:\Users\34626\OneDrive\Escritorio\Master_Ciencia_de_Datos\TFM\TFM_BookVision\data\test\synthetic\06_frontal.png,6,Crimen y castigo,Fiodor Dostoievski,frontal,paddleocr,True,Crimen y | castigo | Fiodor Dostoievski,0.9795020222663879,3,0.017867300019133836,0.3430431999731809
C:\Users\34626\OneDrive\Escritorio\Master_Ciencia_de_Datos\TFM\TFM_BookVision\data\test\synthetic\06_rotada.png,6,Crimen y castigo,Fiodor Dostoievski,rotada,easyocr,False,Crimen y | Fiodor Dostoievski | castigo,0.8239808336598896,3,8.179998258128762e-05,5.598745200026315
C:\Users\34626\OneDrive\Escritorio\Master_Ciencia_de_Datos\TFM\TFM_BookVision\data\test\synthetic\06_rotada.png,6,Crimen y castigo,Fiodor Dostoievski,rotada,paddleocr,False,Crimen y | castigo | Fiodor Dostoievski,0.9978295962015787,3,8.179998258128762e-05,0.3401966000092216
C:\Users\34626\OneDrive\Escritorio\Master_Ciencia_de_Datos\TFM\TFM_BookVision\data\test\synthetic\06_rotada.png,6,Crimen y castigo,Fiodor Dostoievski,rotada,easyocr,True,Crimen y | castigo | Fiodor Dostoievski,0.9651154445067359,3,0.02695029997266829,5.788798500027042
C:\Users\34626\OneDrive\Escritorio\Master_Ciencia_de_Datos\TFM\TFM_BookVision\data\test\synthetic\06_rotada.png,6,Crimen y castigo,Fiodor Dostoievski,rotada,paddleocr,True,Crimen y | castigo | Fiodor Dostoievski,0.982367753982544,3,0.02695029997266829,0.2746000000042841
C:\Users\34626\OneDrive\Escritorio\Master_Ciencia_de_Datos\TFM\TFM_BookVision\data\test\synthetic\06_poca_luz.png,6,Crimen y castigo,Fiodor Dostoievski,poca_luz,easyocr,False,Crimen y | castigo | Fiodor Dostoievski,0.9108269437257048,3,5.630002124235034e-05,5.980526400031522
C:\Users\34626\OneDrive\Escritorio\Master_Ciencia_de_Datos\TFM\TFM_BookVision\data\test\synthetic\06_poca_luz.png,6,Crimen y castigo,Fiodor Dostoievski,poca_luz,paddleocr,False,Crimen y | castigo | Fiodor Dostoievski,0.9897908767064413,3,5.630002124235034e-05,0.17876489995978773
C:\Users\34626\OneDrive\Escritorio\Master_Ciencia_de_Datos\TFM\TFM_BookVision\data\test\synthetic\06_poca_luz.png,6,Crimen y castigo,Fiodor Dostoievski,poca_luz,easyocr,True,Crimen y | castigo | Fiodor Dostoievski,0.9484910398464571,3,0.02102119999472052,5.984979400003795
C:\Users\34626\OneDrive\Escritorio\Master_Ciencia_de_Datos\TFM\TFM_BookVision\data\test\synthetic\06_poca_luz.png,6,Crimen y castigo,Fiodor Dostoievski,poca_luz,paddleocr,True,Crimeny | castigo | Fiodor Dostoievski,0.9849381844202677,3,0.02102119999472052,0.21965019998606294
C:\Users\34626\OneDrive\Escritorio\Master_Ciencia_de_Datos\TFM\TFM_BookVision\data\test\synthetic\06_perspectiva.png,6,Crimen y castigo,Fiodor Dostoievski,perspectiva,easyocr,False,Crimen y | castigo | Fiodor Dostoievski,0.9146527123919536,3,7.210002513602376e-05,5.685138100001495
C:\Users\34626\OneDrive\Escritorio\Master_Ciencia_de_Datos\TFM\TFM_BookVision\data\test\synthetic\06_perspectiva.png,6,Crimen y castigo,Fiodor Dostoievski,perspectiva,paddleocr,False,Crimen y | castigo | Fiodor Dostoievski,0.9870724678039551,3,7.210002513602376e-05,0.29860660003032535
C:\Users\34626\OneDrive\Escritorio\Master_Ciencia_de_Datos\TFM\TFM_BookVision\data\test\synthetic\06_perspectiva.png,6,Crimen y castigo,Fiodor Dostoievski,perspectiva,easyocr,True,Crimen y | castigo | Fiodor Dostoievski,0.9975519528320279,3,0.024340299947652966,5.1874420999665745
C:\Users\34626\OneDrive\Escritorio\Master_Ciencia_de_Datos\TFM\TFM_BookVision\data\test\synthetic\06_perspectiva.png,6,Crimen y castigo,Fiodor Dostoievski,perspectiva,paddleocr,True,Crimen y | castigo | Fiodor Dostoievski,0.9784205754597982,3,0.024340299947652966,0.24641950003569946
C:\Users\34626\OneDrive\Escritorio\Master_Ciencia_de_Datos\TFM\TFM_BookVision\data\test\synthetic\06_reflejo.png,6,Crimen y castigo,Fiodor Dostoievski,reflejo,easyocr,False,Crimen y | castigo | Fiodor Dostoievski,0.8394544910032297,3,5.879998207092285e-05,5.761247500020545
C:\Users\34626\OneDrive\Escritorio\Master_Ciencia_de_Datos\TFM\TFM_BookVision\data\test\synthetic\06_reflejo.png,6,Crimen y castigo,Fiodor Dostoievski,reflejo,paddleocr,False,Crimen y | castigo | Fiodor Dostoievsk,0.9987987478574117,3,5.879998207092285e-05,0.27343820000533015
C:\Users\34626\OneDrive\Escritorio\Master_Ciencia_de_Datos\TFM\TFM_BookVision\data\test\synthetic\06_reflejo.png,6,Crimen y castigo,Fiodor Dostoievski,reflejo,easyocr,True,Crimen y | castigo | Fiodor Dostoievski,0.9336335298824849,3,0.021945999993477017,5.831090099993162
C:\Users\34626\OneDrive\Escritorio\Master_Ciencia_de_Datos\TFM\TFM_BookVision\data\test\synthetic\06_reflejo.png,6,Crimen y castigo,Fiodor Dostoievski,reflejo,paddleocr,True,Crimen y | castigo | Fiodor Dostoievski,0.9620341261227926,3,0.021945999993477017,0.19042900000931695
C:\Users\34626\OneDrive\Escritorio\Master_Ciencia_de_Datos\TFM\TFM_BookVision\data\test\synthetic\07_frontal.png,7,Orgullo y prejuicio,Jane Austen,frontal,easyocr,False,Orgullo y | prejuicio | Jane Austen,0.7545743441179563,3,6.46000262349844e-05,5.6410437999875285
C:\Users\34626\OneDrive\Escritorio\Master_Ciencia_de_Datos\TFM\TFM_BookVision\data\test\synthetic\07_frontal.png,7,Orgullo y prejuicio,Jane Austen,frontal,paddleocr,False,Orgullo y | prejuicio | Jane Austen,0.9865022301673889,3,6.46000262349844e-05,0.23734610003884882
C:\Users\34626\OneDrive\Escritorio\Master_Ciencia_de_Datos\TFM\TFM_BookVision\data\test\synthetic\07_frontal.png,7,Orgullo y prejuicio,Jane Austen,frontal,easyocr,True,Orgullo y | prejuicio | Jane Austen,0.9459401286645571,3,0.01735099998768419,5.859194399963599
C:\Users\34626\OneDrive\Escritorio\Master_Ciencia_de_Datos\TFM\TFM_BookVision\data\test\synthetic\07_frontal.png,7,Orgullo y prejuicio,Jane Austen,frontal,paddleocr,True,Orgullo y | prejuicio | Jane Austen,0.9792186816533407,3,0.01735099998768419,0.15806349995546043
C:\Users\34626\OneDrive\Escritorio\Master_Ciencia_de_Datos\TFM\TFM_BookVision\data\test\synthetic\07_rotada.png,7,Orgullo y prejuicio,Jane Austen,rotada,easyocr,False,Orgullo y | prejuicio | Jane Austen,0.9788974044681038,3,5.760003114119172e-05,5.6934446999803185
C:\Users\34626\OneDrive\Escritorio\Master_Ciencia_de_Datos\TFM\TFM_BookVision\data\test\synthetic\07_rotada.png,7,Orgullo y prejuicio,Jane Austen,rotada,paddleocr,False,Orgullo y | prejuicio | Jane Austen,0.9947577516237894,3,5.760003114119172e-05,0.1776209000381641
C:\Users\34626\OneDrive\Escritorio\Master_Ciencia_de_Datos\TFM\TFM_BookVision\data\test\synthetic\07_rotada.png,7,Orgullo y prejuicio,Jane Austen,rotada,easyocr,True,Orgullo y | prejuicio | Jane Austen,0.9162742293369996,3,0.03065149998292327,5.886587400047574
C:\Users\34626\OneDrive\Escritorio\Master_Ciencia_de_Datos\TFM\TFM_BookVision\data\test\synthetic\07_rotada.png,7,Orgullo y prejuicio,Jane Austen,rotada,paddleocr,True,Orgullo y | prejuicio | Jane Austen,0.9829470117886862,3,0.03065149998292327,0.15461530000902712
C:\Users\34626\OneDrive\Escritorio\Master_Ciencia_de_Datos\TFM\TFM_BookVision\data\test\synthetic\07_poca_luz.png,7,Orgullo y prejuicio,Jane Austen,poca_luz,easyocr,False,Orgullo y | prejuicio | Jane Austen,0.9031707600468953,3,6.2700011767447e-05,6.221429200028069
C:\Users\34626\OneDrive\Escritorio\Master_Ciencia_de_Datos\TFM\TFM_BookVision\data\test\synthetic\07_poca_luz.png,7,Orgullo y prejuicio,Jane Austen,poca_luz,paddleocr,False,Orgullo y | prejuicio | Jane Austen,0.9907480279604594,3,6.2700011767447e-05,0.18522300000768155
C:\Users\34626\OneDrive\Escritorio\Master_Ciencia_de_Datos\TFM\TFM_BookVision\data\test\synthetic\07_poca_luz.png,7,Orgullo y prejuicio,Jane Austen,poca_luz,easyocr,True,Orgullo y | prejuicio | Jane Austen,0.9242581988836317,3,0.01912740000989288,6.118391600030009
C:\Users\34626\OneDrive\Escritorio\Master_Ciencia_de_Datos\TFM\TFM_BookVision\data\test\synthetic\07_poca_luz.png,7,Orgullo y prejuicio,Jane Austen,poca_luz,paddleocr,True,Orgullo y | prejuicio | Jane Austen,0.9707930684089661,3,0.01912740000989288,0.13850930001353845
C:\Users\34626\OneDrive\Escritorio\Master_Ciencia_de_Datos\TFM\TFM_BookVision\data\test\synthetic\07_perspectiva.png,7,Orgullo y prejuicio,Jane Austen,perspectiva,easyocr,False,Orgullo y | prejuicio | Jane Austen,0.8890684676917963,3,5.740002961829305e-05,5.7632334000081755
C:\Users\34626\OneDrive\Escritorio\Master_Ciencia_de_Datos\TFM\TFM_BookVision\data\test\synthetic\07_perspectiva.png,7,Orgullo y prejuicio,Jane Austen,perspectiva,paddleocr,False,Orgullo y | prejuicio | Jane Austen,0.9949087897936503,3,5.740002961829305e-05,0.13956419995520264
C:\Users\34626\OneDrive\Escritorio\Master_Ciencia_de_Datos\TFM\TFM_BookVision\data\test\synthetic\07_perspectiva.png,7,Orgullo y prejuicio,Jane Austen,perspectiva,easyocr,True,Orgullo y | prejuicio | Jane Austen,0.9283771234173357,3,0.021694499999284744,5.3757761000306346
C:\Users\34626\OneDrive\Escritorio\Master_Ciencia_de_Datos\TFM\TFM_BookVision\data\test\synthetic\07_perspectiva.png,7,Orgullo y prejuicio,Jane Austen,perspectiva,paddleocr,True,Orgullo y | prejuicio | Jane Austen,0.9842968185742696,3,0.021694499999284744,0.14067009999416769
C:\Users\34626\OneDrive\Escritorio\Master_Ciencia_de_Datos\TFM\TFM_BookVision\data\test\synthetic\07_reflejo.png,7,Orgullo y prejuicio,Jane Austen,reflejo,easyocr,False,Orgullo y | prejuicio | Jane Austen,0.8984982731522656,3,4.5900000259280205e-05,5.791379900008906
C:\Users\34626\OneDrive\Escritorio\Master_Ciencia_de_Datos\TFM\TFM_BookVision\data\test\synthetic\07_reflejo.png,7,Orgullo y prejuicio,Jane Austen,reflejo,paddleocr,False,Orgullo y | prejuicio | Jane Austen,0.996311604976654,3,4.5900000259280205e-05,0.18022280000150204
C:\Users\34626\OneDrive\Escritorio\Master_Ciencia_de_Datos\TFM\TFM_BookVision\data\test\synthetic\07_reflejo.png,7,Orgullo y prejuicio,Jane Austen,reflejo,easyocr,True,Orgullo y | prejuicio | Jane Austen,0.9116411091101838,3,0.021220099995844066,5.809431699977722
C:\Users\34626\OneDrive\Escritorio\Master_Ciencia_de_Datos\TFM\TFM_BookVision\data\test\synthetic\07_reflejo.png,7,Orgullo y prejuicio,Jane Austen,reflejo,paddleocr,True,Orgullo y | prejuicio | Jane Austen,0.9883723656336466,3,0.021220099995844066,0.1746565000503324
C:\Users\34626\OneDrive\Escritorio\Master_Ciencia_de_Datos\TFM\TFM_BookVision\data\test\synthetic\08_frontal.png,8,Fahrenheit 451,Ray Bradbury,frontal,easyocr,False,Fahrenheit 451 | Bradbury | Ray,0.9570890386237569,3,6.019999273121357e-05,5.772215500008315
C:\Users\34626\OneDrive\Escritorio\Master_Ciencia_de_Datos\TFM\TFM_BookVision\data\test\synthetic\08_frontal.png,8,Fahrenheit 451,Ray Bradbury,frontal,paddleocr,False,Fahrenheit 451 | Ray Bradbury,0.9978539943695068,2,6.019999273121357e-05,0.3135177999502048
C:\Users\34626\OneDrive\Escritorio\Master_Ciencia_de_Datos\TFM\TFM_BookVision\data\test\synthetic\08_frontal.png,8,Fahrenheit 451,Ray Bradbury,frontal,easyocr,True,Fahrenheit 451 | Bradbury | Ray,0.9790415905163753,3,0.020044300006702542,5.775596099963877
C:\Users\34626\OneDrive\Escritorio\Master_Ciencia_de_Datos\TFM\TFM_BookVision\data\test\synthetic\08_frontal.png,8,Fahrenheit 451,Ray Bradbury,frontal,paddleocr,True,Fahrenheit 451 | Ray Bradbury,0.9952158331871033,2,0.020044300006702542,0.15768910001497716
C:\Users\34626\OneDrive\Escritorio\Master_Ciencia_de_Datos\TFM\TFM_BookVision\data\test\synthetic\08_rotada.png,8,Fahrenheit 451,Ray Bradbury,rotada,easyocr,False,451 | Ray Bradbury | Fahrenheit,0.9639660495799469,3,6.980000762268901e-05,5.763412300031632
C:\Users\34626\OneDrive\Escritorio\Master_Ciencia_de_Datos\TFM\TFM_BookVision\data\test\synthetic\08_rotada.png,8,Fahrenheit 451,Ray Bradbury,rotada,paddleocr,False,Fahrenheit 451 | Ray Bradbury,0.9986171126365662,2,6.980000762268901e-05,0.2675547000253573
C:\Users\34626\OneDrive\Escritorio\Master_Ciencia_de_Datos\TFM\TFM_BookVision\data\test\synthetic\08_rotada.png,8,Fahrenheit 451,Ray Bradbury,rotada,easyocr,True,Fahrenheit 451 | Bradbury | Ray,0.824999440921166,3,0.025140999990981072,5.816202500020154
C:\Users\34626\OneDrive\Escritorio\Master_Ciencia_de_Datos\TFM\TFM_BookVision\data\test\synthetic\08_rotada.png,8,Fahrenheit 451,Ray Bradbury,rotada,paddleocr,True,Fahrenheit 451 | Ray Bradbury,0.9684991240501404,2,0.025140999990981072,0.15446370001882315
C:\Users\34626\OneDrive\Escritorio\Master_Ciencia_de_Datos\TFM\TFM_BookVision\data\test\synthetic\08_poca_luz.png,8,Fahrenheit 451,Ray Bradbury,poca_luz,easyocr,False,Fahrenheit 451 | Bradbury | Ray,0.9953565813295328,3,6.720004603266716e-05,6.092527600005269
C:\Users\34626\OneDrive\Escritorio\Master_Ciencia_de_Datos\TFM\TFM_BookVision\data\test\synthetic\08_poca_luz.png,8,Fahrenheit 451,Ray Bradbury,poca_luz,paddleocr,False,Fahrenheit 451 | Ray Bradbury,0.9959966242313385,2,6.720004603266716e-05,0.26435670000500977
C:\Users\34626\OneDrive\Escritorio\Master_Ciencia_de_Datos\TFM\TFM_BookVision\data\test\synthetic\08_poca_luz.png,8,Fahrenheit 451,Ray Bradbury,poca_luz,easyocr,True,Fahrenheit 451 | Bradbury | Ray,0.999576201987911,3,0.01875400001881644,6.116334100021049
C:\Users\34626\OneDrive\Escritorio\Master_Ciencia_de_Datos\TFM\TFM_BookVision\data\test\synthetic\08_poca_luz.png,8,Fahrenheit 451,Ray Bradbury,poca_luz,paddleocr,True,Fahrenheit451 | Ray Bradbury,0.9806035161018372,2,0.01875400001881644,0.17169489996740595
C:\Users\34626\OneDrive\Escritorio\Master_Ciencia_de_Datos\TFM\TFM_BookVision\data\test\synthetic\08_perspectiva.png,8,Fahrenheit 451,Ray Bradbury,perspectiva,easyocr,False,Fahrenheit 451 | Bradbury | Ray,0.9492023640648476,3,6.170000415295362e-05,5.750032200012356
C:\Users\34626\OneDrive\Escritorio\Master_Ciencia_de_Datos\TFM\TFM_BookVision\data\test\synthetic\08_perspectiva.png,8,Fahrenheit 451,Ray Bradbury,perspectiva,paddleocr,False,Fahrenheit 451 | Ray Bradbury,0.9993444681167603,2,6.170000415295362e-05,0.1383044999674894
C:\Users\34626\OneDrive\Escritorio\Master_Ciencia_de_Datos\TFM\TFM_BookVision\data\test\synthetic\08_perspectiva.png,8,Fahrenheit 451,Ray Bradbury,perspectiva,easyocr,True,Fahrenheit 451 | Ray Bradbury,0.84339436840909,2,0.02190989995142445,5.039461299951654
C:\Users\34626\OneDrive\Escritorio\Master_Ciencia_de_Datos\TFM\TFM_BookVision\data\test\synthetic\08_perspectiva.png,8,Fahrenheit 451,Ray Bradbury,perspectiva,paddleocr,True,Fahrenheit 451 | Ray Bradbury,0.9705758690834045,2,0.02190989995142445,0.6442677000304684
C:\Users\34626\OneDrive\Escritorio\Master_Ciencia_de_Datos\TFM\TFM_BookVision\data\test\synthetic\08_reflejo.png,8,Fahrenheit 451,Ray Bradbury,reflejo,easyocr,False,Fahrenheit 451 | Bradbury | Ray,0.9999328910563059,3,8.3099992480129e-05,5.802309800055809
C:\Users\34626\OneDrive\Escritorio\Master_Ciencia_de_Datos\TFM\TFM_BookVision\data\test\synthetic\08_reflejo.png,8,Fahrenheit 451,Ray Bradbury,reflejo,paddleocr,False,Fahrenheit 451 | Ray Bradbury,0.9979886114597321,2,8.3099992480129e-05,0.1356044000131078
C:\Users\34626\OneDrive\Escritorio\Master_Ciencia_de_Datos\TFM\TFM_BookVision\data\test\synthetic\08_reflejo.png,8,Fahrenheit 451,Ray Bradbury,reflejo,easyocr,True,Fahrenheit 451 | Bradbury | Ray,0.9670042265824602,3,0.019796199980191886,5.911497400025837
C:\Users\34626\OneDrive\Escritorio\Master_Ciencia_de_Datos\TFM\TFM_BookVision\data\test\synthetic\08_reflejo.png,8,Fahrenheit 451,Ray Bradbury,reflejo,paddleocr,True,Fahrenheit 451 | Ray Bradbury,0.9777505993843079,2,0.019796199980191886,0.26190619997214526
C:\Users\34626\OneDrive\Escritorio\Master_Ciencia_de_Datos\TFM\TFM_BookVision\data\test\synthetic\09_frontal.png,9,El senor de los anillos,J. R. R. Tolkien,frontal,easyocr,False,El senor de | los anillos | J.R. | R | Tolkien,0.8703972852588677,5,7.82000133767724e-05,5.836918200016953
C:\Users\34626\OneDrive\Escritorio\Master_Ciencia_de_Datos\TFM\TFM_BookVision\data\test\synthetic\09_frontal.png,9,El senor de los anillos,J. R. R. Tolkien,frontal,paddleocr,False,El senor de | los anillos | J. R. R. Tolkien,0.9837439854939779,3,7.82000133767724e-05,0.2712226000148803
C:\Users\34626\OneDrive\Escritorio\Master_Ciencia_de_Datos\TFM\TFM_BookVision\data\test\synthetic\09_frontal.png,9,El senor de los anillos,J. R. R. Tolkien,frontal,easyocr,True,El senor de | los anillos | J.R. R. Tolkien,0.8612732678621781,3,0.018370900012087077,5.842485899978783
C:\Users\34626\OneDrive\Escritorio\Master_Ciencia_de_Datos\TFM\TFM_BookVision\data\test\synthetic\09_frontal.png,9,El senor de los anillos,J. R. R. Tolkien,frontal,paddleocr,True,Es | senor de | los anillos | J. R. R.Tolkien,0.9354215413331985,4,0.018370900012087077,0.37573680002242327
C:\Users\34626\OneDrive\Escritorio\Master_Ciencia_de_Datos\TFM\TFM_BookVision\data\test\synthetic\09_rotada.png,9,El senor de los anillos,J. R. R. Tolkien,rotada,easyocr,False,de | EI | los | J | R. R | senor | anillos | Tolkien,0.9256521775526686,8,7.850001566112041e-05,6.620724100037478
C:\Users\34626\OneDrive\Escritorio\Master_Ciencia_de_Datos\TFM\TFM_BookVision\data\test\synthetic\09_rotada.png,9,El senor de los anillos,J. R. R. Tolkien,rotada,paddleocr,False,El senor de | los anillos | J. R. R. Tolkien,0.9922907948493958,3,7.850001566112041e-05,0.3452069999766536
C:\Users\34626\OneDrive\Escritorio\Master_Ciencia_de_Datos\TFM\TFM_BookVision\data\test\synthetic\09_rotada.png,9,El senor de los anillos,J. R. R. Tolkien,rotada,easyocr,True,El senor de | los anillos | J | R. R. Tolkien,0.9103114404588855,4,0.027220699994359165,6.140735299966764
C:\Users\34626\OneDrive\Escritorio\Master_Ciencia_de_Datos\TFM\TFM_BookVision\data\test\synthetic\09_rotada.png,9,El senor de los anillos,J. R. R. Tolkien,rotada,paddleocr,True,El senor de | los anillos | J.R.R.Tolkien,0.9868884881337484,3,0.027220699994359165,0.25184570002602413
C:\Users\34626\OneDrive\Escritorio\Master_Ciencia_de_Datos\TFM\TFM_BookVision\data\test\synthetic\09_poca_luz.png,9,El senor de los anillos,J. R. R. Tolkien,poca_luz,easyocr,False,El senor de | los anillos | J | R. R. Tolkien,0.933016418008974,4,0.00010040000779554248,6.964693900023121
C:\Users\34626\OneDrive\Escritorio\Master_Ciencia_de_Datos\TFM\TFM_BookVision\data\test\synthetic\09_poca_luz.png,9,El senor de los anillos,J. R. R. Tolkien,poca_luz,paddleocr,False,El senor de | los anillos | J. R. R. Tolkien,0.978881855805715,3,0.00010040000779554248,0.17474360001506284
C:\Users\34626\OneDrive\Escritorio\Master_Ciencia_de_Datos\TFM\TFM_BookVision\data\test\synthetic\09_poca_luz.png,9,El senor de los anillos,J. R. R. Tolkien,poca_luz,easyocr,True,El senor de | los anillos | J.R. R. Tolkien,0.7223756780781795,3,0.021843599970452487,6.426983900018968
C:\Users\34626\OneDrive\Escritorio\Master_Ciencia_de_Datos\TFM\TFM_BookVision\data\test\synthetic\09_poca_luz.png,9,El senor de los anillos,J. R. R. Tolkien,poca_luz,paddleocr,True,El senor de | los anillos | J.R.R.Tolkien,0.9569730162620544,3,0.021843599970452487,0.21913709997897968
C:\Users\34626\OneDrive\Escritorio\Master_Ciencia_de_Datos\TFM\TFM_BookVision\data\test\synthetic\09_perspectiva.png,9,El senor de los anillos,J. R. R. Tolkien,perspectiva,easyocr,False,El senor de | los anillos | J | R. R. Tolkien,0.873345162312355,4,8.47000046633184e-05,5.998615599994082
C:\Users\34626\OneDrive\Escritorio\Master_Ciencia_de_Datos\TFM\TFM_BookVision\data\test\synthetic\09_perspectiva.png,9,El senor de los anillos,J. R. R. Tolkien,perspectiva,paddleocr,False,El senor de | los anillos | J. R. R. Tolkien,0.9871405959129333,3,8.47000046633184e-05,0.2889727000147104
C:\Users\34626\OneDrive\Escritorio\Master_Ciencia_de_Datos\TFM\TFM_BookVision\data\test\synthetic\09_perspectiva.png,9,El senor de los anillos,J. R. R. Tolkien,perspectiva,easyocr,True,El senor de | los anillos | J.R. R. Tolkien,0.8086538013073025,3,0.021738900046329945,5.549775399966165
C:\Users\34626\OneDrive\Escritorio\Master_Ciencia_de_Datos\TFM\TFM_BookVision\data\test\synthetic\09_perspectiva.png,9,El senor de los anillos,J. R. R. Tolkien,perspectiva,paddleocr,True,El senor de | los anillos | J.R.R.Tolkien,0.9647273421287537,3,0.021738900046329945,0.7493567999918014
C:\Users\34626\OneDrive\Escritorio\Master_Ciencia_de_Datos\TFM\TFM_BookVision\data\test\synthetic\09_reflejo.png,9,El senor de los anillos,J. R. R. Tolkien,reflejo,easyocr,False,El senor de | los anillos | J.R. | R | Tolkien,0.9254645613538939,5,5.509995389729738e-05,6.372879899980035
C:\Users\34626\OneDrive\Escritorio\Master_Ciencia_de_Datos\TFM\TFM_BookVision\data\test\synthetic\09_reflejo.png,9,El senor de los anillos,J. R. R. Tolkien,reflejo,paddleocr,False,El senor de | los anillos | J. R. R. Tolkien,0.9884247183799744,3,5.509995389729738e-05,0.1570019000209868
C:\Users\34626\OneDrive\Escritorio\Master_Ciencia_de_Datos\TFM\TFM_BookVision\data\test\synthetic\09_reflejo.png,9,El senor de los anillos,J. R. R. Tolkien,reflejo,easyocr,True,El senor de | los anillos | J | R. R. Tolkien,0.8427320647654236,4,0.020214400021359324,5.906990199990105
C:\Users\34626\OneDrive\Escritorio\Master_Ciencia_de_Datos\TFM\TFM_BookVision\data\test\synthetic\09_reflejo.png,9,El senor de los anillos,J. R. R. Tolkien,reflejo,paddleocr,True,El senor de | los anillos | J. R. R.Tolkien,0.9635576605796814,3,0.020214400021359324,0.16406720003578812
C:\Users\34626\OneDrive\Escritorio\Master_Ciencia_de_Datos\TFM\TFM_BookVision\data\test\synthetic\10_frontal.png,10,Ficciones,Jorge Luis Borges,frontal,easyocr,False,Ficciones | Jorge Luis Borges,0.9984389953310295,2,9.849999332800508e-05,5.752933000039775
C:\Users\34626\OneDrive\Escritorio\Master_Ciencia_de_Datos\TFM\TFM_BookVision\data\test\synthetic\10_frontal.png,10,Ficciones,Jorge Luis Borges,frontal,paddleocr,False,Ficciones | Jorge Luis Borges,0.9978050589561462,2,9.849999332800508e-05,0.3391834000358358
C:\Users\34626\OneDrive\Escritorio\Master_Ciencia_de_Datos\TFM\TFM_BookVision\data\test\synthetic\10_frontal.png,10,Ficciones,Jorge Luis Borges,frontal,easyocr,True,Ficciones | Jorge Luis Borges,0.9970656770312831,2,0.019524000003002584,5.763235300022643
C:\Users\34626\OneDrive\Escritorio\Master_Ciencia_de_Datos\TFM\TFM_BookVision\data\test\synthetic\10_frontal.png,10,Ficciones,Jorge Luis Borges,frontal,paddleocr,True,Ficciones | Jorge Luis Borges,0.9942857325077057,2,0.019524000003002584,0.31503019999945536
C:\Users\34626\OneDrive\Escritorio\Master_Ciencia_de_Datos\TFM\TFM_BookVision\data\test\synthetic\10_rotada.png,10,Ficciones,Jorge Luis Borges,rotada,easyocr,False,Ficciones | Jorge Luis Borges,0.971289930509084,2,7.459998596459627e-05,5.57325120002497
C:\Users\34626\OneDrive\Escritorio\Master_Ciencia_de_Datos\TFM\TFM_BookVision\data\test\synthetic\10_rotada.png,10,Ficciones,Jorge Luis Borges,rotada,paddleocr,False,Ficciones | Jorge Luis Borges,0.9817938208580017,2,7.459998596459627e-05,0.1901308000087738
C:\Users\34626\OneDrive\Escritorio\Master_Ciencia_de_Datos\TFM\TFM_BookVision\data\test\synthetic\10_rotada.png,10,Ficciones,Jorge Luis Borges,rotada,easyocr,True,Ficciones | Jorge Luis Borges,0.9875053381000017,2,0.024224699998740107,5.883621899993159
C:\Users\34626\OneDrive\Escritorio\Master_Ciencia_de_Datos\TFM\TFM_BookVision\data\test\synthetic\10_rotada.png,10,Ficciones,Jorge Luis Borges,rotada,paddleocr,True,Ficciones | Jorge Luis Borges,0.9772835373878479,2,0.024224699998740107,0.15299410000443459
C:\Users\34626\OneDrive\Escritorio\Master_Ciencia_de_Datos\TFM\TFM_BookVision\data\test\synthetic\10_poca_luz.png,10,Ficciones,Jorge Luis Borges,poca_luz,easyocr,False,Ficciones | Jorge Luis Borges,0.8658729181077861,2,7.050001295283437e-05,5.979231599951163
C:\Users\34626\OneDrive\Escritorio\Master_Ciencia_de_Datos\TFM\TFM_BookVision\data\test\synthetic\10_poca_luz.png,10,Ficciones,Jorge Luis Borges,poca_luz,paddleocr,False,Ficciones | Jorge Luis Borges,0.9817075133323669,2,7.050001295283437e-05,0.14955239999108016
C:\Users\34626\OneDrive\Escritorio\Master_Ciencia_de_Datos\TFM\TFM_BookVision\data\test\synthetic\10_poca_luz.png,10,Ficciones,Jorge Luis Borges,poca_luz,easyocr,True,Ficciones | Jorge Luis Borges,0.9377903275000355,2,0.019539000000804663,6.077427399985027
C:\Users\34626\OneDrive\Escritorio\Master_Ciencia_de_Datos\TFM\TFM_BookVision\data\test\synthetic\10_poca_luz.png,10,Ficciones,Jorge Luis Borges,poca_luz,paddleocr,True,Ficciones | Jorge Luis Borges,0.9746892750263214,2,0.019539000000804663,0.22485289996257052
C:\Users\34626\OneDrive\Escritorio\Master_Ciencia_de_Datos\TFM\TFM_BookVision\data\test\synthetic\10_perspectiva.png,10,Ficciones,Jorge Luis Borges,perspectiva,easyocr,False,Ficciones | Jorge Luis Borges,0.8774762998949737,2,5.8500037994235754e-05,5.587793699989561
C:\Users\34626\OneDrive\Escritorio\Master_Ciencia_de_Datos\TFM\TFM_BookVision\data\test\synthetic\10_perspectiva.png,10,Ficciones,Jorge Luis Borges,perspectiva,paddleocr,False,Ficciones | Jorge Luis Borges,0.9975298345088959,2,5.8500037994235754e-05,0.24144860001979396
C:\Users\34626\OneDrive\Escritorio\Master_Ciencia_de_Datos\TFM\TFM_BookVision\data\test\synthetic\10_perspectiva.png,10,Ficciones,Jorge Luis Borges,perspectiva,easyocr,True,Ficciones | Jorge Luis Borges,0.957397012528934,2,0.022879299998749048,5.280901300022379
C:\Users\34626\OneDrive\Escritorio\Master_Ciencia_de_Datos\TFM\TFM_BookVision\data\test\synthetic\10_perspectiva.png,10,Ficciones,Jorge Luis Borges,perspectiva,paddleocr,True,Ficciones | Jorge Luis Borges,0.9828644394874573,2,0.022879299998749048,0.7426318000070751
C:\Users\34626\OneDrive\Escritorio\Master_Ciencia_de_Datos\TFM\TFM_BookVision\data\test\synthetic\10_reflejo.png,10,Ficciones,Jorge Luis Borges,reflejo,easyocr,False,Ficciones | Jorge Luis Borges,0.9984386575704127,2,6.779999239370227e-05,5.599114500044379
C:\Users\34626\OneDrive\Escritorio\Master_Ciencia_de_Datos\TFM\TFM_BookVision\data\test\synthetic\10_reflejo.png,10,Ficciones,Jorge Luis Borges,reflejo,paddleocr,False,Ficciones | Jorge Luis Borges,0.9980128705501556,2,6.779999239370227e-05,0.19411660003243014
C:\Users\34626\OneDrive\Escritorio\Master_Ciencia_de_Datos\TFM\TFM_BookVision\data\test\synthetic\10_reflejo.png,10,Ficciones,Jorge Luis Borges,reflejo,easyocr,True,Ficciones | Jorge Luis Borges,0.9970651803248688,2,0.02067399997031316,5.820688100007828
C:\Users\34626\OneDrive\Escritorio\Master_Ciencia_de_Datos\TFM\TFM_BookVision\data\test\synthetic\10_reflejo.png,10,Ficciones,Jorge Luis Borges,reflejo,paddleocr,True,Ficciones | Jorge Luis Borges,0.9933290779590607,2,0.02067399997031316,0.16351909999502823
C:\Users\34626\OneDrive\Escritorio\Master_Ciencia_de_Datos\TFM\TFM_BookVision\data\test\synthetic\11_frontal.png,11,La sombra del viento,Carlos Ruiz Zafon,frontal,easyocr,False,La sombra del | viento | Carlos Ruiz Zafon,0.9262958534930767,3,7.720000576227903e-05,5.710992700012866
C:\Users\34626\OneDrive\Escritorio\Master_Ciencia_de_Datos\TFM\TFM_BookVision\data\test\synthetic\11_frontal.png,11,La sombra del viento,Carlos Ruiz Zafon,frontal,paddleocr,False,La sombra del | viento | Carlos Ruiz Zafor,0.9976139068603516,3,7.720000576227903e-05,0.3551646000123583
C:\Users\34626\OneDrive\Escritorio\Master_Ciencia_de_Datos\TFM\TFM_BookVision\data\test\synthetic\11_frontal.png,11,La sombra del viento,Carlos Ruiz Zafon,frontal,easyocr,True,La sombra del | viento | Carlos Ruiz Zafon,0.7756017072227062,3,0.01815699995495379,5.9061422000522725
C:\Users\34626\OneDrive\Escritorio\Master_Ciencia_de_Datos\TFM\TFM_BookVision\data\test\synthetic\11_frontal.png,11,La sombra del viento,Carlos Ruiz Zafon,frontal,paddleocr,True,La sombra del | viento | Carlos Ruiz Zafon,0.9785737792650858,3,0.01815699995495379,0.2684799000271596
C:\Users\34626\OneDrive\Escritorio\Master_Ciencia_de_Datos\TFM\TFM_BookVision\data\test\synthetic\11_rotada.png,11,La sombra del viento,Carlos Ruiz Zafon,rotada,easyocr,False,del | La | sombra | viento | Carlos | Ruiz | Zafon,0.9999523165305069,7,6.619998021051288e-05,5.7861950999940746
C:\Users\34626\OneDrive\Escritorio\Master_Ciencia_de_Datos\TFM\TFM_BookVision\data\test\synthetic\11_rotada.png,11,La sombra del viento,Carlos Ruiz Zafon,rotada,paddleocr,False,La sombra del | viento | Carlos Ruiz Zafor,0.9981639385223389,3,6.619998021051288e-05,0.3038442999823019
C:\Users\34626\OneDrive\Escritorio\Master_Ciencia_de_Datos\TFM\TFM_BookVision\data\test\synthetic\11_rotada.png,11,La sombra del viento,Carlos Ruiz Zafon,rotada,easyocr,True,La sombra del | viento | Carlos Ruiz Zafon,0.8848848358896785,3,0.02592100005131215,5.85549520002678
C:\Users\34626\OneDrive\Escritorio\Master_Ciencia_de_Datos\TFM\TFM_BookVision\data\test\synthetic\11_rotada.png,11,La sombra del viento,Carlos Ruiz Zafon,rotada,paddleocr,True,La sombra del | viento | Carlos Ruiz Zafon,0.9636991818745931,3,0.02592100005131215,0.24927169998409227
C:\Users\34626\OneDrive\Escritorio\Master_Ciencia_de_Datos\TFM\TFM_BookVision\data\test\synthetic\11_poca_luz.png,11,La sombra del viento,Carlos Ruiz Zafon,poca_luz,easyocr,False,La sombra del | viento | Carlos Ruiz Zafon,0.9555000045894099,3,9.019998833537102e-05,6.264914900006261
C:\Users\34626\OneDrive\Escritorio\Master_Ciencia_de_Datos\TFM\TFM_BookVision\data\test\synthetic\11_poca_luz.png,11,La sombra del viento,Carlos Ruiz Zafon,poca_luz,paddleocr,False,La sombra del | viento | Carlos Ruiz Zafon,0.9891629020373026,3,9.019998833537102e-05,0.21860079996986315
C:\Users\34626\OneDrive\Escritorio\Master_Ciencia_de_Datos\TFM\TFM_BookVision\data\test\synthetic\11_poca_luz.png,11,La sombra del viento,Carlos Ruiz Zafon,poca_luz,easyocr,True,La sombra del | viento | Carlos Ruiz Zafon,0.8313040354821243,3,0.020996099978219718,6.168235199991614
C:\Users\34626\OneDrive\Escritorio\Master_Ciencia_de_Datos\TFM\TFM_BookVision\data\test\synthetic\11_poca_luz.png,11,La sombra del viento,Carlos Ruiz Zafon,poca_luz,paddleocr,True,La sombra del | viento | Carlos Ruiz Zafor,0.9598382910092672,3,0.020996099978219718,0.3153010999667458
C:\Users\34626\OneDrive\Escritorio\Master_Ciencia_de_Datos\TFM\TFM_BookVision\data\test\synthetic\11_perspectiva.png,11,La sombra del viento,Carlos Ruiz Zafon,perspectiva,easyocr,False,La sombra del | viento | Carlos Ruiz Zafon,0.868973492896898,3,8.47000046633184e-05,5.7134370999992825
C:\Users\34626\OneDrive\Escritorio\Master_Ciencia_de_Datos\TFM\TFM_BookVision\data\test\synthetic\11_perspectiva.png,11,La sombra del viento,Carlos Ruiz Zafon,perspectiva,paddleocr,False,La sombra del | viento | Carlos Ruiz Zafon,0.9982958237330118,3,8.47000046633184e-05,0.23360959999263287
C:\Users\34626\OneDrive\Escritorio\Master_Ciencia_de_Datos\TFM\TFM_BookVision\data\test\synthetic\11_perspectiva.png,11,La sombra del viento,Carlos Ruiz Zafon,perspectiva,easyocr,True,La sombra del | viento | Carlos Ruiz Zafon,0.9868785137012686,3,0.02462409995496273,5.766792899987195
C:\Users\34626\OneDrive\Escritorio\Master_Ciencia_de_Datos\TFM\TFM_BookVision\data\test\synthetic\11_perspectiva.png,11,La sombra del viento,Carlos Ruiz Zafon,perspectiva,paddleocr,True,La sombra del | viento | Carlos Ruiz Zafon,0.9603456060091654,3,0.02462409995496273,0.27811109996400774
C:\Users\34626\OneDrive\Escritorio\Master_Ciencia_de_Datos\TFM\TFM_BookVision\data\test\synthetic\11_reflejo.png,11,La sombra del viento,Carlos Ruiz Zafon,reflejo,easyocr,False,La sombra del | viento | Carlos Ruiz Zafon,0.9041875963492108,3,8.420000085607171e-05,5.7411070999805816
C:\Users\34626\OneDrive\Escritorio\Master_Ciencia_de_Datos\TFM\TFM_BookVision\data\test\synthetic\11_reflejo.png,11,La sombra del viento,Carlos Ruiz Zafon,reflejo,paddleocr,False,La sombra de | viento | Carlos Ruiz Zafor,0.9971023797988892,3,8.420000085607171e-05,0.19680999999400228
C:\Users\34626\OneDrive\Escritorio\Master_Ciencia_de_Datos\TFM\TFM_BookVision\data\test\synthetic\11_reflejo.png,11,La sombra del viento,Carlos Ruiz Zafon,reflejo,easyocr,True,La sombra del | viento | Carlos Ruiz Zafon,0.9266050245802608,3,0.020803700026590377,5.824727900035214
C:\Users\34626\OneDrive\Escritorio\Master_Ciencia_de_Datos\TFM\TFM_BookVision\data\test\synthetic\11_reflejo.png,11,La sombra del viento,Carlos Ruiz Zafon,reflejo,paddleocr,True,La sombra del | viento | Carlos Ruiz Zafon,0.9690513809521993,3,0.020803700026590377,0.2923361000139266
C:\Users\34626\OneDrive\Escritorio\Master_Ciencia_de_Datos\TFM\TFM_BookVision\data\test\synthetic\12_frontal.png,12,Matar a un ruisenor,Harper Lee,frontal,easyocr,False,Matar a un | ruisenor | Harper Lee,0.9967992029861218,3,0.0006224000244401395,5.624724900000729
C:\Users\34626\OneDrive\Escritorio\Master_Ciencia_de_Datos\TFM\TFM_BookVision\data\test\synthetic\12_frontal.png,12,Matar a un ruisenor,Harper Lee,frontal,paddleocr,False,Matar a un | ruisenor | Harper Lee,0.9990989963213602,3,0.0006224000244401395,0.22814320004545152
C:\Users\34626\OneDrive\Escritorio\Master_Ciencia_de_Datos\TFM\TFM_BookVision\data\test\synthetic\12_frontal.png,12,Matar a un ruisenor,Harper Lee,frontal,easyocr,True,Matar a un | ruisenor | Harper Lee,0.9108245757327605,3,0.01886080001713708,5.75050199998077
C:\Users\34626\OneDrive\Escritorio\Master_Ciencia_de_Datos\TFM\TFM_BookVision\data\test\synthetic\12_frontal.png,12,Matar a un ruisenor,Harper Lee,frontal,paddleocr,True,Matar a un | ruisenor | Harper Lee,0.9970335761706034,3,0.01886080001713708,0.15152289997786283
C:\Users\34626\OneDrive\Escritorio\Master_Ciencia_de_Datos\TFM\TFM_BookVision\data\test\synthetic\12_rotada.png,12,Matar a un ruisenor,Harper Lee,rotada,easyocr,False,a un | Lee | Matar | ruisenor | Harper,0.9228707545043585,5,7.90000194683671e-05,5.653461599955335
C:\Users\34626\OneDrive\Escritorio\Master_Ciencia_de_Datos\TFM\TFM_BookVision\data\test\synthetic\12_rotada.png,12,Matar a un ruisenor,Harper Lee,rotada,paddleocr,False,Matar a un | ruisenor | Harper Lee,0.9891149997711182,3,7.90000194683671e-05,0.18081799999345094
C:\Users\34626\OneDrive\Escritorio\Master_Ciencia_de_Datos\TFM\TFM_BookVision\data\test\synthetic\12_rotada.png,12,Matar a un ruisenor,Harper Lee,rotada,easyocr,True,Matar a un | ruisenor | Harper Lee,0.9261517165246844,3,0.025272700004279613,5.71203479997348
C:\Users\34626\OneDrive\Escritorio\Master_Ciencia_de_Datos\TFM\TFM_BookVision\data\test\synthetic\12_rotada.png,12,Matar a un ruisenor,Harper Lee,rotada,paddleocr,True,Matar a un | ruisenor | Harper Lee,0.9652303457260132,3,0.025272700004279613,0.1371822000364773
C:\Users\34626\OneDrive\Escritorio\Master_Ciencia_de_Datos\TFM\TFM_BookVision\data\test\synthetic\12_poca_luz.png,12,Matar a un ruisenor,Harper Lee,poca_luz,easyocr,False,Matar a un | ruisenor | Harper Lee,0.8854794123667559,3,7.989996811375022e-05,5.926025799999479
C:\Users\34626\OneDrive\Escritorio\Master_Ciencia_de_Datos\TFM\TFM_BookVision\data\test\synthetic\12_poca_luz.png,12,Matar a un ruisenor,Harper Lee,poca_luz,paddleocr,False,Matar a un | ruisenor | Harper Lee,0.995245357354482,3,7.989996811375022e-05,0.1410732000367716
C:\Users\34626\OneDrive\Escritorio\Master_Ciencia_de_Datos\TFM\TFM_BookVision\data\test\synthetic\12_poca_luz.png,12,Matar a un ruisenor,Harper Lee,poca_luz,easyocr,True,Matar a un | ruisenor | Harper Lee,0.9989775537032733,3,0.017954899987671524,6.004552000027616
C:\Users\34626\OneDrive\Escritorio\Master_Ciencia_de_Datos\TFM\TFM_BookVision\data\test\synthetic\12_poca_luz.png,12,Matar a un ruisenor,Harper Lee,poca_luz,paddleocr,True,Matar a un | ruisenor | Harper Lee,0.9575278957684835,3,0.017954899987671524,0.1848470000550151
C:\Users\34626\OneDrive\Escritorio\Master_Ciencia_de_Datos\TFM\TFM_BookVision\data\test\synthetic\12_perspectiva.png,12,Matar a un ruisenor,Harper Lee,perspectiva,easyocr,False,Matar a un | ruisenor | Harper Lee,0.9718438162759792,3,0.00010539998766034842,5.210787000018172
C:\Users\34626\OneDrive\Escritorio\Master_Ciencia_de_Datos\TFM\TFM_BookVision\data\test\synthetic\12_perspectiva.png,12,Matar a un ruisenor,Harper Lee,perspectiva,paddleocr,False,Matar a un | ruisenor | Harper Lee,0.9894426266352335,3,0.00010539998766034842,0.1431641000090167
C:\Users\34626\OneDrive\Escritorio\Master_Ciencia_de_Datos\TFM\TFM_BookVision\data\test\synthetic\12_perspectiva.png,12,Matar a un ruisenor,Harper Lee,perspectiva,easyocr,True,Matar a un | ruisenor | Harper Lee,0.9539187513643873,3,0.022860700031742454,4.624303099990357
C:\Users\34626\OneDrive\Escritorio\Master_Ciencia_de_Datos\TFM\TFM_BookVision\data\test\synthetic\12_perspectiva.png,12,Matar a un ruisenor,Harper Lee,perspectiva,paddleocr,True,Matar a un | ruisenor | Harper Lee,0.9604239066441854,3,0.022860700031742454,0.5302181000006385
C:\Users\34626\OneDrive\Escritorio\Master_Ciencia_de_Datos\TFM\TFM_BookVision\data\test\synthetic\12_reflejo.png,12,Matar a un ruisenor,Harper Lee,reflejo,easyocr,False,Matar a un | ruisenor | Harper Lee,0.9989700460463494,3,9.34000127017498e-05,5.0263330999878235
C:\Users\34626\OneDrive\Escritorio\Master_Ciencia_de_Datos\TFM\TFM_BookVision\data\test\synthetic\12_reflejo.png,12,Matar a un ruisenor,Harper Lee,reflejo,paddleocr,False,Matar a un | ruisenor | Harper Lee,0.9987791975339254,3,9.34000127017498e-05,0.15072100004181266
C:\Users\34626\OneDrive\Escritorio\Master_Ciencia_de_Datos\TFM\TFM_BookVision\data\test\synthetic\12_reflejo.png,12,Matar a un ruisenor,Harper Lee,reflejo,easyocr,True,Matar a un | ruisenor | Harper Lee,0.8179225869800949,3,0.020238000026438385,5.092827199958265
C:\Users\34626\OneDrive\Escritorio\Master_Ciencia_de_Datos\TFM\TFM_BookVision\data\test\synthetic\12_reflejo.png,12,Matar a un ruisenor,Harper Lee,reflejo,paddleocr,True,Matar a un | ruisenor | Harper Lee,0.9716653823852539,3,0.020238000026438385,0.19448379997629672
C:\Users\34626\OneDrive\Escritorio\Master_Ciencia_de_Datos\TFM\TFM_BookVision\data\test\synthetic\13_frontal.png,13,Los detectives salvajes,Roberto Bolano,frontal,easyocr,False,Los detectives | salvajes | Roberto Bolano,0.8599542940001221,3,6.290001329034567e-05,5.085049299988896
C:\Users\34626\OneDrive\Escritorio\Master_Ciencia_de_Datos\TFM\TFM_BookVision\data\test\synthetic\13_frontal.png,13,Los detectives salvajes,Roberto Bolano,frontal,paddleocr,False,Los detectives | salvajes | Roberto Bolano,0.9971796274185181,3,6.290001329034567e-05,0.16908319998765364
C:\Users\34626\OneDrive\Escritorio\Master_Ciencia_de_Datos\TFM\TFM_BookVision\data\test\synthetic\13_frontal.png,13,Los detectives salvajes,Roberto Bolano,frontal,easyocr,True,Los detectives | salvajes | Roberto Bolano,0.926806091200429,3,0.02110219997121021,4.988156100036576
C:\Users\34626\OneDrive\Escritorio\Master_Ciencia_de_Datos\TFM\TFM_BookVision\data\test\synthetic\13_frontal.png,13,Los detectives salvajes,Roberto Bolano,frontal,paddleocr,True,Los detectives | salvajes | Roberto Bolano,0.9889079928398132,3,0.02110219997121021,0.22085019998485222
C:\Users\34626\OneDrive\Escritorio\Master_Ciencia_de_Datos\TFM\TFM_BookVision\data\test\synthetic\13_rotada.png,13,Los detectives salvajes,Roberto Bolano,rotada,easyocr,False,Los | detectives | salvajes | Bolano | Roberto,0.9661136895563078,5,0.00044789997627958655,5.046809899969958
C:\Users\34626\OneDrive\Escritorio\Master_Ciencia_de_Datos\TFM\TFM_BookVision\data\test\synthetic\13_rotada.png,13,Los detectives salvajes,Roberto Bolano,rotada,paddleocr,False,Los detectives | salvajes | Roberto Bolano,0.9931405584017435,3,0.00044789997627958655,0.17313099995953962
C:\Users\34626\OneDrive\Escritorio\Master_Ciencia_de_Datos\TFM\TFM_BookVision\data\test\synthetic\13_rotada.png,13,Los detectives salvajes,Roberto Bolano,rotada,easyocr,True,Los detectives | salvajes | Roberto Bolano,0.9499154380683835,3,0.025926199974492192,5.066242200031411
C:\Users\34626\OneDrive\Escritorio\Master_Ciencia_de_Datos\TFM\TFM_BookVision\data\test\synthetic\13_rotada.png,13,Los detectives salvajes,Roberto Bolano,rotada,paddleocr,True,Los detectives | salvajes | Roberto Bolano,0.9795917272567749,3,0.025926199974492192,0.15562779997708276
C:\Users\34626\OneDrive\Escritorio\Master_Ciencia_de_Datos\TFM\TFM_BookVision\data\test\synthetic\13_poca_luz.png,13,Los detectives salvajes,Roberto Bolano,poca_luz,easyocr,False,Los detectives | salvajes | Roberto Bolano,0.9819167615526568,3,6.819999543949962e-05,5.339734799985308
C:\Users\34626\OneDrive\Escritorio\Master_Ciencia_de_Datos\TFM\TFM_BookVision\data\test\synthetic\13_poca_luz.png,13,Los detectives salvajes,Roberto Bolano,poca_luz,paddleocr,False,Los detectives | salvajes | Roberto Bolano,0.9882705807685852,3,6.819999543949962e-05,0.2290770999970846
C:\Users\34626\OneDrive\Escritorio\Master_Ciencia_de_Datos\TFM\TFM_BookVision\data\test\synthetic\13_poca_luz.png,13,Los detectives salvajes,Roberto Bolano,poca_luz,easyocr,True,Los detectives | salvajes | Roberto Bolano,0.9736764681018623,3,0.02014689997304231,5.35607630002778
C:\Users\34626\OneDrive\Escritorio\Master_Ciencia_de_Datos\TFM\TFM_BookVision\data\test\synthetic\13_poca_luz.png,13,Los detectives salvajes,Roberto Bolano,poca_luz,paddleocr,True,Los detectives | salvajes | Roberto Bolano,0.9774945378303528,3,0.02014689997304231,0.2628619999741204
C:\Users\34626\OneDrive\Escritorio\Master_Ciencia_de_Datos\TFM\TFM_BookVision\data\test\synthetic\13_perspectiva.png,13,Los detectives salvajes,Roberto Bolano,perspectiva,easyocr,False,Los detectives | salvajes | Roberto Bolano,0.9744997221248575,3,7.280003046616912e-05,5.109779099992011
C:\Users\34626\OneDrive\Escritorio\Master_Ciencia_de_Datos\TFM\TFM_BookVision\data\test\synthetic\13_perspectiva.png,13,Los detectives salvajes,Roberto Bolano,perspectiva,paddleocr,False,Los detectives | salvajes | Roberto Bolano,0.9945312142372131,3,7.280003046616912e-05,0.27770609996514395
C:\Users\34626\OneDrive\Escritorio\Master_Ciencia_de_Datos\TFM\TFM_BookVision\data\test\synthetic\13_perspectiva.png,13,Los detectives salvajes,Roberto Bolano,perspectiva,easyocr,True,Los detectives | salvajes | Roberto Bolano,0.9315747259755018,3,0.022648900048807263,4.565186399966478
C:\Users\34626\OneDrive\Escritorio\Master_Ciencia_de_Datos\TFM\TFM_BookVision\data\test\synthetic\13_perspectiva.png,13,Los detectives salvajes,Roberto Bolano,perspectiva,paddleocr,True,Los detectives | salvajes | Roberto Bolano,0.9768638809521993,3,0.022648900048807263,0.7125864999834448
C:\Users\34626\OneDrive\Escritorio\Master_Ciencia_de_Datos\TFM\TFM_BookVision\data\test\synthetic\13_reflejo.png,13,Los detectives salvajes,Roberto Bolano,reflejo,easyocr,False,Los detectives | salvajes | Roberto Bolano,0.9812306640567944,3,7.499998901039362e-05,5.027672199998051
C:\Users\34626\OneDrive\Escritorio\Master_Ciencia_de_Datos\TFM\TFM_BookVision\data\test\synthetic\13_reflejo.png,13,Los detectives salvajes,Roberto Bolano,reflejo,paddleocr,False,Los detectives | salvajes | Roberto Bolano,0.9968065222104391,3,7.499998901039362e-05,0.166527200024575
C:\Users\34626\OneDrive\Escritorio\Master_Ciencia_de_Datos\TFM\TFM_BookVision\data\test\synthetic\13_reflejo.png,13,Los detectives salvajes,Roberto Bolano,reflejo,easyocr,True,Los detectives | salvajes | Roberto Bolano,0.9636809409853644,3,0.02205980004509911,5.115270200010855
C:\Users\34626\OneDrive\Escritorio\Master_Ciencia_de_Datos\TFM\TFM_BookVision\data\test\synthetic\13_reflejo.png,13,Los detectives salvajes,Roberto Bolano,reflejo,paddleocr,True,Los detectives | salvajes | Roberto Bolano,0.9844751556714376,3,0.02205980004509911,0.1649168999865651
C:\Users\34626\OneDrive\Escritorio\Master_Ciencia_de_Datos\TFM\TFM_BookVision\data\test\synthetic\14_frontal.png,14,Un mundo feliz,Aldous Huxley,frontal,easyocr,False,Un mundo feliz | Aldous Huxley,0.891335924850966,2,8.110003545880318e-05,4.935034399968572
C:\Users\34626\OneDrive\Escritorio\Master_Ciencia_de_Datos\TFM\TFM_BookVision\data\test\synthetic\14_frontal.png,14,Un mundo feliz,Aldous Huxley,frontal,paddleocr,False,Un mundo feliz | Aldous Huxley,0.9790018200874329,2,8.110003545880318e-05,0.3182115000090562
C:\Users\34626\OneDrive\Escritorio\Master_Ciencia_de_Datos\TFM\TFM_BookVision\data\test\synthetic\14_frontal.png,14,Un mundo feliz,Aldous Huxley,frontal,easyocr,True,Un mundo feliz | Aldous Huxley,0.981136516988618,2,0.019705100043211132,5.0157043999643065
C:\Users\34626\OneDrive\Escritorio\Master_Ciencia_de_Datos\TFM\TFM_BookVision\data\test\synthetic\14_frontal.png,14,Un mundo feliz,Aldous Huxley,frontal,paddleocr,True,Un mundo feliz | Aldous Huxley,0.9653536975383759,2,0.019705100043211132,0.2756128999753855
C:\Users\34626\OneDrive\Escritorio\Master_Ciencia_de_Datos\TFM\TFM_BookVision\data\test\synthetic\14_rotada.png,14,Un mundo feliz,Aldous Huxley,rotada,easyocr,False,feliz | Un | Aldous Huxley | mundo,0.9950093670519568,4,0.00010820000898092985,4.990909399988595
C:\Users\34626\OneDrive\Escritorio\Master_Ciencia_de_Datos\TFM\TFM_BookVision\data\test\synthetic\14_rotada.png,14,Un mundo feliz,Aldous Huxley,rotada,paddleocr,False,Un mundo feliz | Aldous Huxley,0.9848802387714386,2,0.00010820000898092985,0.194003899989184
C:\Users\34626\OneDrive\Escritorio\Master_Ciencia_de_Datos\TFM\TFM_BookVision\data\test\synthetic\14_rotada.png,14,Un mundo feliz,Aldous Huxley,rotada,easyocr,True,Un mundo feliz | Aldous Huxley,0.8003225533441753,2,0.02715040004113689,5.144609800016042
C:\Users\34626\OneDrive\Escritorio\Master_Ciencia_de_Datos\TFM\TFM_BookVision\data\test\synthetic\14_rotada.png,14,Un mundo feliz,Aldous Huxley,rotada,paddleocr,True,Un mundo feliz | Aldous Huxley,0.9545260667800903,2,0.02715040004113689,0.19405240000924096
C:\Users\34626\OneDrive\Escritorio\Master_Ciencia_de_Datos\TFM\TFM_BookVision\data\test\synthetic\14_poca_luz.png,14,Un mundo feliz,Aldous Huxley,poca_luz,easyocr,False,Un mundo feliz | Aldous Huxley,0.8273993590914475,2,0.00010350003140047193,5.472928299976047
C:\Users\34626\OneDrive\Escritorio\Master_Ciencia_de_Datos\TFM\TFM_BookVision\data\test\synthetic\14_poca_luz.png,14,Un mundo feliz,Aldous Huxley,poca_luz,paddleocr,False,Un mundo feliz | Aldous Huxley,0.9749755561351776,2,0.00010350003140047193,0.1498171000275761
C:\Users\34626\OneDrive\Escritorio\Master_Ciencia_de_Datos\TFM\TFM_BookVision\data\test\synthetic\14_poca_luz.png,14,Un mundo feliz,Aldous Huxley,poca_luz,easyocr,True,Un mundo feliz | Aldous Huxley,0.9040057406830819,2,0.020522399980109185,5.379956100019626
C:\Users\34626\OneDrive\Escritorio\Master_Ciencia_de_Datos\TFM\TFM_BookVision\data\test\synthetic\14_poca_luz.png,14,Un mundo feliz,Aldous Huxley,poca_luz,paddleocr,True,Un mundo feliz | AldousHuxley,0.9576998949050903,2,0.020522399980109185,0.2647450999938883
C:\Users\34626\OneDrive\Escritorio\Master_Ciencia_de_Datos\TFM\TFM_BookVision\data\test\synthetic\14_perspectiva.png,14,Un mundo feliz,Aldous Huxley,perspectiva,easyocr,False,Un mundo feliz | Aldous Huxley,0.7761237944964989,2,8.200004231184721e-06,5.196576000016648
C:\Users\34626\OneDrive\Escritorio\Master_Ciencia_de_Datos\TFM\TFM_BookVision\data\test\synthetic\14_perspectiva.png,14,Un mundo feliz,Aldous Huxley,perspectiva,paddleocr,False,Un mundo feliz | Aldous Huxley,0.9765726327896118,2,8.200004231184721e-06,0.1982360000256449
C:\Users\34626\OneDrive\Escritorio\Master_Ciencia_de_Datos\TFM\TFM_BookVision\data\test\synthetic\14_perspectiva.png,14,Un mundo feliz,Aldous Huxley,perspectiva,easyocr,True,Un mundo feliz | Aldous Huxley,0.8215364265067218,2,0.02652499999385327,5.1266874999855645
C:\Users\34626\OneDrive\Escritorio\Master_Ciencia_de_Datos\TFM\TFM_BookVision\data\test\synthetic\14_perspectiva.png,14,Un mundo feliz,Aldous Huxley,perspectiva,paddleocr,True,Un mundo feliz | Aldous Huxley,0.9503996670246124,2,0.02652499999385327,0.1858557999948971
C:\Users\34626\OneDrive\Escritorio\Master_Ciencia_de_Datos\TFM\TFM_BookVision\data\test\synthetic\14_reflejo.png,14,Un mundo feliz,Aldous Huxley,reflejo,easyocr,False,Un mundo feliz | Aldous Huxley,0.9298880542181502,2,8.939998224377632e-05,5.0581528000184335
C:\Users\34626\OneDrive\Escritorio\Master_Ciencia_de_Datos\TFM\TFM_BookVision\data\test\synthetic\14_reflejo.png,14,Un mundo feliz,Aldous Huxley,reflejo,paddleocr,False,Un mundo feliz | Aldous Huxley,0.9686225354671478,2,8.939998224377632e-05,0.23849080002401024
C:\Users\34626\OneDrive\Escritorio\Master_Ciencia_de_Datos\TFM\TFM_BookVision\data\test\synthetic\14_reflejo.png,14,Un mundo feliz,Aldous Huxley,reflejo,easyocr,True,Un mundo feliz | Aldous Huxley,0.9828407109262829,2,0.019224999996367842,5.207159299985506
C:\Users\34626\OneDrive\Escritorio\Master_Ciencia_de_Datos\TFM\TFM_BookVision\data\test\synthetic\14_reflejo.png,14,Un mundo feliz,Aldous Huxley,reflejo,paddleocr,True,Un mundo feliz | Aldous Huxley,0.9564340710639954,2,0.019224999996367842,0.250843400019221
